id,lat,lng,unverified,description,season_start,season_stop,no_season,quality_rating,yield_rating,author,address,city,state,country,created_at,updated_at,access,import_link,muni,types
411,37.862835,-122.262718,false,Corner house of Ellsworth and Parker,,,,,,Forage Berkeley,,Berkeley,California,United States,2013-02-06 23:51:47 UTC,2016-12-01 10:09:57 UTC,,http://fallingfruit.org/imports/10,false,{Blackberry}
412,37.864014,-122.260796,false,,,,,,,Forage Berkeley,,Berkeley,California,United States,2013-02-06 23:51:47 UTC,2016-12-03 02:32:21 UTC,,http://fallingfruit.org/imports/10,false,{Grape}
413,37.863052,-122.261017,false,,,,,,,Forage Berkeley,,Berkeley,California,United States,2013-02-06 23:51:47 UTC,2016-12-03 08:40:27 UTC,,http://fallingfruit.org/imports/10,false,{Pear}
414,37.863033,-122.261093,false,,,,,,,Forage Berkeley,,Berkeley,California,United States,2013-02-06 23:51:47 UTC,2016-12-01 09:43:52 UTC,,http://fallingfruit.org/imports/10,false,"{""Common fig""}"
415,37.863045,-122.261055,false,,,,,,,Forage Berkeley,,Berkeley,California,United States,2013-02-06 23:51:47 UTC,2016-12-06 20:57:49 UTC,,http://fallingfruit.org/imports/10,false,{Apple}
416,37.862801,-122.263222,false,,,,,,,Forage Berkeley,,Berkeley,California,United States,2013-02-06 23:51:47 UTC,2016-12-03 18:57:45 UTC,,http://fallingfruit.org/imports/10,false,{Apple}
417,37.862762,-122.26326,false,,,,,,,Forage Berkeley,,Berkeley,California,United States,2013-02-06 23:51:47 UTC,2016-12-01 16:59:19 UTC,,http://fallingfruit.org/imports/10,false,{Lemon}
418,37.862701,-122.263557,false,,,,,,,Forage Berkeley,,Berkeley,California,United States,2013-02-06 23:51:47 UTC,2016-12-07 10:45:19 UTC,,http://fallingfruit.org/imports/10,false,{Apple}
419,37.862816,-122.26284,false,,,,,,,Forage Berkeley,,Berkeley,California,United States,2013-02-06 23:51:47 UTC,2016-12-06 16:40:17 UTC,,http://fallingfruit.org/imports/10,false,"{""Common fig""}"
420,37.862598,-122.264503,false,,,,,,,Forage Berkeley,,Berkeley,California,United States,2013-02-06 23:51:47 UTC,2016-12-06 09:35:27 UTC,,http://fallingfruit.org/imports/10,false,{Lemon}
421,37.862591,-122.264679,false,,,,,,,Forage Berkeley,,Berkeley,California,United States,2013-02-06 23:51:47 UTC,2016-12-01 08:47:17 UTC,,http://fallingfruit.org/imports/10,false,{Feijoa}
422,37.862579,-122.264778,false,,,,,,,Forage Berkeley,,Berkeley,California,United States,2013-02-06 23:51:47 UTC,2016-12-03 23:53:31 UTC,,http://fallingfruit.org/imports/10,false,{Apple}
423,37.861572,-122.262894,false,,,,,,,Forage Berkeley,,Berkeley,California,United States,2013-02-06 23:51:47 UTC,2016-12-05 06:32:26 UTC,,http://fallingfruit.org/imports/10,false,{Loquat}
424,37.861862,-122.262444,false,,,,,,,Forage Berkeley,,Berkeley,California,United States,2013-02-06 23:51:47 UTC,2016-12-05 06:32:10 UTC,,http://fallingfruit.org/imports/10,false,{Kale}
425,37.861912,-122.263062,false,,,,,,,Forage Berkeley,,Berkeley,California,United States,2013-02-06 23:51:47 UTC,2016-12-03 23:59:15 UTC,,http://fallingfruit.org/imports/10,false,{Grape}
426,37.868416,-122.256287,false,,,,,,,Forage Berkeley,,Berkeley,California,United States,2013-02-06 23:51:47 UTC,2016-12-03 23:27:37 UTC,,http://fallingfruit.org/imports/10,false,{Lemon}
427,37.858421,-122.264114,false,,,,,,,Forage Berkeley,,Berkeley,California,United States,2013-02-06 23:51:47 UTC,2016-12-08 23:02:25 UTC,,http://fallingfruit.org/imports/10,false,{Plum}
428,37.855366,-122.264465,false,,,,,,,Forage Berkeley,,Berkeley,California,United States,2013-02-06 23:51:47 UTC,2016-12-02 07:27:48 UTC,,http://fallingfruit.org/imports/10,false,"{""Common fig""}"
429,37.854626,-122.264999,false,,,,,,,Forage Berkeley,,Berkeley,California,United States,2013-02-06 23:51:47 UTC,2016-12-01 16:59:20 UTC,,http://fallingfruit.org/imports/10,false,{Persimmon}
430,37.854561,-122.260796,false,,,,,,,Forage Berkeley,,Berkeley,California,United States,2013-02-06 23:51:47 UTC,2016-12-09 17:39:39 UTC,,http://fallingfruit.org/imports/10,false,{Orange}
431,37.853153,-122.261848,false,,,,,,,Forage Berkeley,,Berkeley,California,United States,2013-02-06 23:51:47 UTC,2016-12-03 23:33:54 UTC,,http://fallingfruit.org/imports/10,false,"{""Common fig""}"
432,37.870247,-122.256805,false,,,,,,,Forage Berkeley,,,,,2013-02-06 23:51:47 UTC,2013-02-06 23:51:47 UTC,,http://fallingfruit.org/imports/10,false,{Persimmon}
433,37.853409,-122.263199,false,,,,,,,Forage Berkeley,,Berkeley,California,United States,2013-02-06 23:51:47 UTC,2016-12-03 02:32:22 UTC,,http://fallingfruit.org/imports/10,false,{Feijoa}
434,37.858353,-122.266228,false,2108 Stuart Street,,,,,,Forage Berkeley,,Berkeley,California,United States,2013-02-06 23:51:47 UTC,2016-12-03 05:31:07 UTC,,http://fallingfruit.org/imports/10,false,"{""Common fig""}"
435,37.856541,-122.265686,false,2905 Lorina Street,,,,,,Forage Berkeley,,Berkeley,California,United States,2013-02-06 23:51:47 UTC,2016-12-03 23:42:52 UTC,,http://fallingfruit.org/imports/10,false,"{""Common fig""}"
436,37.859982,-122.264832,false,2155 Ward Street,,,,,,Forage Berkeley,,Berkeley,California,United States,2013-02-06 23:51:47 UTC,2016-12-07 16:42:41 UTC,,http://fallingfruit.org/imports/10,false,{Lemon}
437,37.859913,-122.262039,false,2730 Ellsworth Street,,,,,,Forage Berkeley,,Berkeley,California,United States,2013-02-06 23:51:47 UTC,2016-12-02 12:50:36 UTC,,http://fallingfruit.org/imports/10,false,{Lemon}
438,37.862015,-122.262932,false,2245 Carleton Street,,,,,,Forage Berkeley,,Berkeley,California,United States,2013-02-06 23:51:47 UTC,2016-12-01 18:07:15 UTC,,http://fallingfruit.org/imports/10,false,{Pear}
439,37.861988,-122.263405,false,2233 Carleton Street,,,,,,Forage Berkeley,,Berkeley,California,United States,2013-02-06 23:51:48 UTC,2016-12-08 00:51:56 UTC,,http://fallingfruit.org/imports/10,false,{Persimmon}
440,37.85791,-122.254539,false,,,,,,,Forage Berkeley,,Berkeley,California,United States,2013-02-06 23:51:48 UTC,2016-12-09 17:39:52 UTC,,http://fallingfruit.org/imports/10,false,{Lemon}
441,37.859035,-122.255836,false,,,,,,,Forage Berkeley,,Berkeley,California,United States,2013-02-06 23:51:48 UTC,2016-12-08 11:16:11 UTC,,http://fallingfruit.org/imports/10,false,{Persimmon}
442,37.858429,-122.255562,false,,,,,,,Forage Berkeley,,Berkeley,California,United States,2013-02-06 23:51:48 UTC,2016-12-01 17:23:07 UTC,,http://fallingfruit.org/imports/10,false,"{""Common fig""}"
443,37.863064,-122.254829,true,,,,,,,Forage Berkeley,,Berkeley,California,United States,2013-02-06 23:51:48 UTC,2016-12-07 18:49:13 UTC,,http://fallingfruit.org/imports/10,false,{Kumquat}
444,37.8587,-122.255844,false,,,,,,,Forage Berkeley,,Berkeley,California,United States,2013-02-06 23:51:48 UTC,2016-12-06 09:56:35 UTC,,http://fallingfruit.org/imports/10,false,{Lemon}
445,37.861427,-122.254677,false,,,,,,,Forage Berkeley,,Berkeley,California,United States,2013-02-06 23:51:48 UTC,2016-12-03 23:00:27 UTC,,http://fallingfruit.org/imports/10,false,{Persimmon}
446,37.860237,-122.254677,false,,,,,,,Forage Berkeley,,Berkeley,California,United States,2013-02-06 23:51:48 UTC,2016-12-01 19:16:41 UTC,,http://fallingfruit.org/imports/10,false,{Persimmon}
447,37.857536,-122.258362,false,2 lemon trees.,,,,,,Forage Berkeley,,Berkeley,California,United States,2013-02-06 23:51:48 UTC,2016-12-02 04:44:14 UTC,,http://fallingfruit.org/imports/10,false,{Lemon}
448,37.859062,-122.257027,false,6 lemon trees on sidewalk.,,,,,,Forage Berkeley,,Berkeley,California,United States,2013-02-06 23:51:48 UTC,2016-12-02 02:10:33 UTC,,http://fallingfruit.org/imports/10,false,{Lemon}
449,37.861698,-122.257553,false,,,,false,,,Forage Berkeley,"2447 Derby St, Berkeley, CA 94705, USA",Berkeley,California,United States,2013-02-06 23:51:48 UTC,2025-05-08 05:00:03 UTC,Private but overhanging,http://fallingfruit.org/imports/10,false,"{""Common fig""}"
450,37.857334,-122.257126,false,,,,,,,Forage Berkeley,,Berkeley,California,United States,2013-02-06 23:51:48 UTC,2016-12-03 23:41:44 UTC,,http://fallingfruit.org/imports/10,false,{Orange}
451,37.857372,-122.256844,false,,,,,,,Forage Berkeley,,Berkeley,California,United States,2013-02-06 23:51:48 UTC,2016-12-02 05:45:59 UTC,,http://fallingfruit.org/imports/10,false,{Lemon}
452,37.859455,-122.256874,false,,,,,,,Forage Berkeley,,Berkeley,California,United States,2013-02-06 23:51:48 UTC,2016-12-01 21:57:47 UTC,,http://fallingfruit.org/imports/10,false,{Lemon}
453,37.874615,-122.288498,false,1639 Chestnut Street,,,,,,Forage Berkeley,,Berkeley,California,United States,2013-02-06 23:51:48 UTC,2016-12-03 08:55:42 UTC,,http://fallingfruit.org/imports/10,false,{Apple}
454,37.879631,-122.268005,false,Eggfruit (Pouteria Lucuma),,,,,,Forage Berkeley,,Berkeley,California,United States,2013-02-06 23:51:48 UTC,2016-12-06 15:35:25 UTC,,http://fallingfruit.org/imports/10,false,{Lucuma}
455,37.862404,-122.294937,false,,,,,,,Forage Berkeley,,Berkeley,California,United States,2013-02-06 23:51:48 UTC,2016-12-03 23:00:30 UTC,,http://fallingfruit.org/imports/10,false,{Feijoa}
456,37.837242,-122.299202,false,Hangs well over sidewalk. Bring a picker.,May,November,false,,,Forage Berkeley,"2309 Powell St, Emeryville, CA 94608, USA",Emeryville,California,United States,2013-02-06 23:51:48 UTC,2025-05-04 05:11:15 UTC,,http://fallingfruit.org/imports/10,false,"{""Common fig""}"
457,37.858871,-122.285004,false,Hangs part way over sidewalk. Picker recommended.,October,December,,,,Forage Berkeley,,Berkeley,California,United States,2013-02-06 23:51:48 UTC,2016-12-06 04:23:23 UTC,,http://fallingfruit.org/imports/10,false,{Persimmon}
458,37.869972,-122.297333,false,"A decent variety. Usually many fallen on ground. Harvest: Late spring, early summer",,,,,,Forage Berkeley,,Berkeley,California,United States,2013-02-06 23:51:48 UTC,2016-12-05 12:08:07 UTC,,http://fallingfruit.org/imports/10,false,{Peach}
459,37.870052,-122.29734,false,Hangs over fence. Bring picker. Harvest: Spring,,,,,,Forage Berkeley,,Berkeley,California,United States,2013-02-06 23:51:48 UTC,2016-12-06 18:27:42 UTC,,http://fallingfruit.org/imports/10,false,{Plum}
460,37.870152,-122.297371,false,Hachiya variety? Hangs over fence.,October,December,,,,Forage Berkeley,"1806 Seventh St, Berkeley, CA 94710, USA",Berkeley,California,United States,2013-02-06 23:51:48 UTC,2025-06-28 05:14:44 UTC,Private but overhanging,http://fallingfruit.org/imports/10,false,{Persimmon}
461,37.869118,-122.296997,false,Yummy and easily accessible. Harvest: Spring,,,,,,Forage Berkeley,,Berkeley,California,United States,2013-02-06 23:51:48 UTC,2016-12-08 16:16:10 UTC,,http://fallingfruit.org/imports/10,false,{Loquat}
462,37.872475,-122.295822,false,"Excellent patch. Well tended by nice woman. She welcomes walkerbys to partake, but be respectful. Harvest: Summer",,,false,,,Forage Berkeley,,Berkeley,California,United States,2013-02-06 23:51:48 UTC,2016-12-02 22:07:14 UTC,,http://fallingfruit.org/imports/10,false,{Raspberry}
463,37.867538,-122.292709,false,Harvest: Summer,,,,,,Forage Berkeley,,Berkeley,California,United States,2013-02-06 23:51:48 UTC,2016-12-02 21:21:52 UTC,,http://fallingfruit.org/imports/10,false,{Blackberry}
464,37.842281,-122.272194,false,Well established and abundant.,October,November,,,,Forage Berkeley,,Oakland,California,United States,2013-02-06 23:51:48 UTC,2016-12-03 02:52:48 UTC,,http://fallingfruit.org/imports/10,false,"{""Common fig""}"
465,37.863861,-122.267105,false,"Good fruit, need a picker.",August,,,,,Forage Berkeley,,Berkeley,California,United States,2013-02-06 23:51:48 UTC,2016-12-09 04:20:38 UTC,,http://fallingfruit.org/imports/10,false,{Pear}
466,37.883694,-122.273071,false,1275 Bonita. Planted between sidewalk and street. Season: Spring.,,,,,,Forage Berkeley,,Berkeley,California,United States,2013-02-06 23:51:48 UTC,2016-12-05 16:11:00 UTC,,http://fallingfruit.org/imports/10,false,{Loquat}
467,37.880749,-122.271568,false,,,,,,,Forage Berkeley,,Berkeley,California,United States,2013-02-06 23:51:48 UTC,2016-12-04 00:00:40 UTC,,http://fallingfruit.org/imports/10,false,{Persimmon}
468,37.874886,-122.282768,false,"NW corner of Sacramento and Virginia. Season: Autumn-Winter.

Owner of tree eats the fruit, no picking allowed.",,,,,,Forage Berkeley,"1696 Sacramento St, Berkeley, CA 94702, USA",Berkeley,California,United States,2013-02-06 23:51:48 UTC,2025-06-28 05:14:39 UTC,Private,http://fallingfruit.org/imports/10,false,{Persimmon}
469,37.873363,-122.294525,false,NE corner of Virginia and 10th. Season: Spring.,,,,,,Forage Berkeley,,Berkeley,California,United States,2013-02-06 23:51:48 UTC,2016-12-07 21:18:56 UTC,,http://fallingfruit.org/imports/10,false,{Loquat}
470,37.881153,-122.275085,false,SE corner of Rose and Josephine. Hangs over sidewalk. Season: Autumn.,,,,,,Forage Berkeley,,Berkeley,California,United States,2013-02-06 23:51:48 UTC,2016-12-03 07:49:18 UTC,,http://fallingfruit.org/imports/10,false,"{""Common fig""}"
471,37.881256,-122.274567,false,Hanging over driveway of house,,,,,,Forage Berkeley,,Berkeley,California,United States,2013-02-06 23:51:48 UTC,2016-12-04 03:06:34 UTC,,http://fallingfruit.org/imports/10,false,{Feijoa}
472,37.880779,-122.275002,false,Hangs over the sidewalk from behind a gate. Very tasty :) Season: Autumn.,,,,,,Forage Berkeley,,Berkeley,California,United States,2013-02-06 23:51:48 UTC,2016-12-05 13:36:12 UTC,,http://fallingfruit.org/imports/10,false,"{""Common fig""}"
473,37.883694,-122.271225,false,Behind a fence at Mary Magdalene School but fruit is just left to drop,,,,,,Forage Berkeley,,Berkeley,California,United States,2013-02-06 23:51:48 UTC,2016-12-03 21:47:12 UTC,,http://fallingfruit.org/imports/10,false,{Apple}
474,37.885082,-122.273285,false,Planted in the public space between sidewalk and street,,,,,,Forage Berkeley,,Berkeley,California,United States,2013-02-06 23:51:48 UTC,2016-12-06 09:56:36 UTC,,http://fallingfruit.org/imports/10,false,{Persimmon}
475,37.885185,-122.272385,false,Planted in the public space between sidewalk and street,,,,,,Forage Berkeley,,Berkeley,California,United States,2013-02-06 23:51:48 UTC,2016-12-02 22:07:15 UTC,,http://fallingfruit.org/imports/10,false,"{""Common fig"",Apple}"
476,37.872074,-122.284355,false,,,,,,,Forage Berkeley,,Berkeley,California,United States,2013-02-06 23:51:48 UTC,2016-12-02 12:29:37 UTC,,http://fallingfruit.org/imports/10,false,{Apple}
477,37.867359,-122.283791,false,white and yellow peaches. white and yellow nectarines. Green Figs. Spicy Spicy peppers almost year round.,,,,,,Forage Berkeley,,Berkeley,California,United States,2013-02-06 23:51:48 UTC,2016-12-06 08:12:21 UTC,,http://fallingfruit.org/imports/10,false,"{Pepper,""Common fig"",Nectarine,Peach}"
478,37.867966,-122.286736,false,Blackberry patch along strawberry creek,,,,Very Good,Good,Forage Berkeley,,Berkeley,California,United States,2013-02-06 23:51:48 UTC,2016-12-02 07:53:55 UTC,,http://fallingfruit.org/imports/10,false,{Blackberry}
479,37.842056,-122.210541,false,"I believe its a Comice Pear tree, big yellow skinned ones, but I'm not exactly sure if that is a comice pear",,,,,,Forage Berkeley,,Oakland,California,United States,2013-02-06 23:51:48 UTC,2016-12-08 09:51:19 UTC,,http://fallingfruit.org/imports/10,false,"{""European pear""}"
480,37.868935,-122.282005,false,easy to reach a lot of the fruit,,,,,,Forage Berkeley,,Berkeley,California,United States,2013-02-06 23:51:48 UTC,2016-12-08 13:43:43 UTC,,http://fallingfruit.org/imports/10,false,{Loquat}
481,37.870228,-122.27607,false,"Bring gloves for these things, they are full of prickers.",,,,,,Forage Berkeley,,Berkeley,California,United States,2013-02-06 23:51:48 UTC,2016-12-09 17:26:50 UTC,,http://fallingfruit.org/imports/10,false,"{""Prickly pear""}"
482,37.867874,-122.276161,false,,,,,,,Forage Berkeley,,Berkeley,California,United States,2013-02-06 23:51:48 UTC,2016-12-03 16:09:29 UTC,,http://fallingfruit.org/imports/10,false,"{""Common fig""}"
483,37.882408,-122.280663,false,Hangs over sidewalk (north side),,,,,,Forage Berkeley,,Berkeley,California,United States,2013-02-06 23:51:48 UTC,2016-12-05 14:20:41 UTC,,http://fallingfruit.org/imports/10,false,{Feijoa}
484,37.879189,-122.267876,false,1527 Walnut. Apartment complex; fruit left to drop,,,,,,Forage Berkeley,,Berkeley,California,United States,2013-02-06 23:51:48 UTC,2016-12-04 02:24:56 UTC,,http://fallingfruit.org/imports/10,false,{Feijoa}
485,37.881424,-122.268044,false,West side of street,,,,,,Forage Berkeley,,Berkeley,California,United States,2013-02-06 23:51:48 UTC,2016-12-07 12:11:03 UTC,,http://fallingfruit.org/imports/10,false,"{Orange,Lemon}"
486,37.885117,-122.268562,false,,,,,,,Forage Berkeley,,Berkeley,California,United States,2013-02-06 23:51:48 UTC,2016-12-09 04:25:44 UTC,,http://fallingfruit.org/imports/10,false,{Feijoa}
487,37.858658,-122.292336,false,,,,,,,Forage Berkeley,,Berkeley,California,United States,2013-02-06 23:51:48 UTC,2016-12-09 13:54:48 UTC,,http://fallingfruit.org/imports/10,false,"{""Common fig""}"
488,37.867401,-122.294052,false,In roundabout :),,,,,,Forage Berkeley,,Berkeley,California,United States,2013-02-06 23:51:48 UTC,2016-12-03 23:17:44 UTC,,http://fallingfruit.org/imports/10,false,"{""Miner's lettuce""}"
489,37.866894,-122.296288,false,In roundabout :) Other greens also. Winter season,,,,,,Forage Berkeley,,Berkeley,California,United States,2013-02-06 23:51:48 UTC,2016-12-08 10:55:21 UTC,,http://fallingfruit.org/imports/10,false,"{""Miner's lettuce""}"
490,37.882137,-122.269379,true,In front of the office building on the northeast corner. Small smooth barked tree with glossy dark green leaves. Had ripe fruit in March but because it's tropical...who knows. Fruit is a bit sour but still nice. Skin is edible but the inside pulp is edible. The seeds can be roasted and ground as a coffee substitute too,,,,,,Forage Berkeley,,Berkeley,California,United States,2013-02-06 23:51:48 UTC,2016-12-04 04:30:34 UTC,,http://fallingfruit.org/imports/10,false,"{""Strawberry guava""}"
491,37.87315,-122.25486,false,Bushes and bushes and bushes along the west side of Gayley,,,true,,,Forage Berkeley,,Berkeley,California,United States,2013-02-06 23:51:48 UTC,2016-12-02 03:39:33 UTC,,http://fallingfruit.org/imports/10,false,{Rosemary}
492,37.870041,-122.247513,false,Green plum. This is called Erik in Turkish. Sour but really tasty!! :),,,,,,Forage Berkeley,,Berkeley,California,United States,2013-02-06 23:51:48 UTC,2016-12-07 03:00:35 UTC,,http://fallingfruit.org/imports/10,false,{Plum}
494,37.85107,-122.250877,false,3304 Claremont Avenue. Tree is located in a planted area of the roadside curb.,,,,,,Forage Berkeley,,Oakland,California,United States,2013-02-06 23:51:48 UTC,2016-12-05 12:08:08 UTC,,http://fallingfruit.org/imports/10,false,{Loquat}
495,37.871975,-122.262749,false,"The blackberries are growing along both sides of the creek, and are accessible from right near the water (it's paved, you just have to find the steps down) and up by the grass",,,,Fair,Very Good,Forage Berkeley,,Berkeley,California,United States,2013-02-06 23:51:48 UTC,2016-12-03 18:57:46 UTC,,http://fallingfruit.org/imports/10,false,{Blackberry}
496,37.858067,-122.264107,false,2820 Fulton St. Delicious Bartlett Pears. Too many to pick.,,,,,,Forage Berkeley,,Berkeley,California,United States,2013-02-06 23:51:48 UTC,2016-12-03 10:37:01 UTC,,http://fallingfruit.org/imports/10,false,"{""European pear""}"
497,37.903046,-122.277786,false,The tree is in my front yard right next to the sidewalk.,,,,,,Forage Berkeley,,Berkeley,California,United States,2013-02-06 23:51:48 UTC,2016-12-03 11:41:25 UTC,Added by owner,http://fallingfruit.org/imports/10,false,{Olive}
498,37.840317,-122.288811,false,"Fruits sporadically but prolifically. Summer

They are best picked when the skins of the berries are very red and they are a bit soft to the touch.

The berries are ready for harvest when very mature, which is to say very red and slightly giving to the touch.",August,November,false,,,Forage Berkeley,"46 Loop 22, Emeryville, CA 94608, USA",Emeryville,California,United States,2013-02-06 23:51:48 UTC,2025-05-04 05:11:16 UTC,,http://fallingfruit.org/imports/10,false,"{""Strawberry tree""}"
499,37.841785,-122.288216,false,On fence of community garden.,October,October,,,,Forage Berkeley,,Emeryville,California,United States,2013-02-06 23:51:48 UTC,2016-12-02 11:47:12 UTC,,http://fallingfruit.org/imports/10,false,{Grape}
500,37.843819,-122.277657,false,Sour wild plum. Big one growing over fence and a couple planted between street and sidewalk,,,,,,Forage Berkeley,,Oakland,California,United States,2013-02-06 23:51:48 UTC,2016-12-05 19:06:32 UTC,,http://fallingfruit.org/imports/10,false,{Plum}
501,37.843296,-122.287651,false,Two loquat trees planted between street and sidewalk,March,June,false,,,Forage Berkeley,"1276 61st St, Emeryville, CA 94608, USA",Emeryville,California,United States,2013-02-06 23:51:48 UTC,2025-05-04 05:11:21 UTC,,http://fallingfruit.org/imports/10,false,{Loquat}
502,37.872894,-122.277176,false,"Located behind the rounded brown fence railing on the south side of the sidewalk, just where the paths split.",,,,,,Forage Berkeley,,Berkeley,California,United States,2013-02-06 23:51:48 UTC,2016-12-02 08:21:10 UTC,,http://fallingfruit.org/imports/10,false,{Apple}
503,37.87117,-122.270737,false,This is an empty building that is being renovated. The tomatoes are in the planters outside of the building off of Milvia (west side of the street). The tomatoes are still green as of September 2011. They don't get much sun because of their location.,,,,,,Forage Berkeley,,Berkeley,California,United States,2013-02-06 23:51:48 UTC,2016-12-03 17:12:07 UTC,,http://fallingfruit.org/imports/10,false,{Tomato}
504,37.874981,-122.260086,false,Yummy red fruit! Ripe: Spring/Summer,,,,,,Forage Berkeley,,Berkeley,California,United States,2013-02-06 23:51:48 UTC,2016-12-01 06:50:39 UTC,,http://fallingfruit.org/imports/10,false,"{""Strawberry tree""}"
505,37.849087,-122.262802,false,"544 63rd Street. Easy access, next to the front porch.",,,,,,Forage Berkeley,,Oakland,California,United States,2013-02-06 23:51:48 UTC,2016-12-05 14:42:42 UTC,,http://fallingfruit.org/imports/10,false,{Plum}
506,37.854187,-122.250839,false,,,,,,,Forage Berkeley,,Berkeley,California,United States,2013-02-06 23:51:48 UTC,2016-12-08 06:07:04 UTC,,http://fallingfruit.org/imports/10,false,"{Apple,Pear}"
507,37.853409,-122.25174,false,,,,,,,Forage Berkeley,,Berkeley,California,United States,2013-02-06 23:51:48 UTC,2016-12-08 18:23:21 UTC,,http://fallingfruit.org/imports/10,false,"{""Sour cherry""}"
508,37.853951,-122.252251,false,,,,,,,Forage Berkeley,,Berkeley,California,United States,2013-02-06 23:51:48 UTC,2016-12-05 06:33:25 UTC,,http://fallingfruit.org/imports/10,false,{Lemon}
509,37.87426,-122.26693,false,,,,,,,Forage Berkeley,,Berkeley,California,United States,2013-02-06 23:51:48 UTC,2016-12-06 05:26:18 UTC,,http://fallingfruit.org/imports/10,false,{Fennel}
510,37.837227,-122.216301,false,,,,,,,Forage Berkeley,,Oakland,California,United States,2013-02-06 23:51:48 UTC,2016-12-03 22:09:05 UTC,,http://fallingfruit.org/imports/10,false,"{""Common fig""}"
511,37.861488,-122.262283,false,,,,,,,Liz,,Berkeley,California,United States,2013-02-07 00:04:26 UTC,2016-12-02 18:34:30 UTC,,http://fallingfruit.org/imports/11,false,{Apple}
512,37.862167,-122.259369,false,,,,,,,Liz,,Berkeley,California,United States,2013-02-07 00:04:26 UTC,2016-12-06 02:56:26 UTC,,http://fallingfruit.org/imports/11,false,{Apple}
513,37.862659,-122.264771,false,"Outside group home- small trees, about 4. Sour apples",,,,,,Liz,,Berkeley,California,United States,2013-02-07 00:04:26 UTC,2016-12-02 19:48:41 UTC,,http://fallingfruit.org/imports/11,false,{Apple}
514,37.862572,-122.264702,false,,,,,,,Liz,,Berkeley,California,United States,2013-02-07 00:04:26 UTC,2016-12-03 06:22:23 UTC,,http://fallingfruit.org/imports/11,false,{Apple}
515,37.862579,-122.264633,false,,,,,,,Liz,,Berkeley,California,United States,2013-02-07 00:04:26 UTC,2016-12-08 01:11:47 UTC,,http://fallingfruit.org/imports/11,false,{Apple}
516,37.860565,-122.265846,false,2127 Derby,,,,,,Liz,,Berkeley,California,United States,2013-02-07 00:04:26 UTC,2016-12-06 16:40:18 UTC,,http://fallingfruit.org/imports/11,false,{Lemon}
517,37.860596,-122.265701,false,2127 Derby,,,,,,Liz,,Berkeley,California,United States,2013-02-07 00:04:26 UTC,2016-12-03 10:16:21 UTC,,http://fallingfruit.org/imports/11,false,{Pear}
518,37.86076,-122.263947,false,2211 Derby,,,,,,Liz,,Berkeley,California,United States,2013-02-07 00:04:26 UTC,2016-12-04 01:43:03 UTC,,http://fallingfruit.org/imports/11,false,{Lemon}
519,37.861034,-122.262138,false,Corner of Derby and Ellsworth,,,,,,Liz,,Berkeley,California,United States,2013-02-07 00:04:26 UTC,2016-12-05 06:32:08 UTC,,http://fallingfruit.org/imports/11,false,{Plum}
520,37.86343,-122.26387,false,,,,,,,Liz,,Berkeley,California,United States,2013-02-07 00:04:26 UTC,2016-12-05 06:32:40 UTC,,http://fallingfruit.org/imports/11,false,{Apple}
521,37.86285,-122.26255,false,"Full and juicy, corner house- easy to climb",,,,,,Liz,,Berkeley,California,United States,2013-02-07 00:04:26 UTC,2016-12-03 10:37:02 UTC,,http://fallingfruit.org/imports/11,false,{Plum}
522,37.865173,-122.263222,false,Tree outside apartment building. Very full this year with cement to stand on.,,,,,,Liz,,Berkeley,California,United States,2013-02-07 00:04:26 UTC,2016-12-05 11:46:29 UTC,,http://fallingfruit.org/imports/11,false,{Plum}
523,37.862217,-122.259216,false,Two trees low hanging.,,,,,,Liz,,Berkeley,California,United States,2013-02-07 00:04:26 UTC,2016-12-07 17:22:35 UTC,,http://fallingfruit.org/imports/11,false,{Apple}
524,37.863091,-122.264931,false,,,,,,,Liz,,Berkeley,California,United States,2013-02-07 00:04:26 UTC,2016-12-01 12:36:26 UTC,,http://fallingfruit.org/imports/11,false,{Plum}
525,37.864166,-122.262985,false,,,,,,,Liz,,Berkeley,California,United States,2013-02-07 00:04:26 UTC,2016-12-02 14:59:16 UTC,,http://fallingfruit.org/imports/11,false,{Plum}
526,37.862476,-122.258232,false,,,,,,,Liz,,Berkeley,California,United States,2013-02-07 00:04:26 UTC,2016-12-07 00:31:50 UTC,,http://fallingfruit.org/imports/11,false,{Lemon}
527,37.876003,-122.255638,false,Between Buddhist temple and apartment building,,,,,,Liz,,Berkeley,California,United States,2013-02-07 00:04:26 UTC,2016-12-08 23:02:26 UTC,,http://fallingfruit.org/imports/11,false,{Lemon}
528,37.852898,-122.267929,false,,,,,,,Liz,,Berkeley,California,United States,2013-02-07 00:04:26 UTC,2016-12-03 11:57:41 UTC,,http://fallingfruit.org/imports/11,false,{Grape}
529,37.853237,-122.265656,false,Two trees. Very full.,,,,,,Liz,,Berkeley,California,United States,2013-02-07 00:04:26 UTC,2016-12-08 03:39:59 UTC,,http://fallingfruit.org/imports/11,false,{Lemon}
531,37.853561,-122.26767,false,In front- near parkway,,,,,,Liz,,Berkeley,California,United States,2013-02-07 00:04:26 UTC,2016-12-06 20:15:35 UTC,,http://fallingfruit.org/imports/11,false,{Rosemary}
532,37.854568,-122.266663,false,Two great lemon trees (one may be orange) outside Bellissima Day Spa on Emerson side of street. In parkway,,,,,,Liz,,Berkeley,California,United States,2013-02-07 00:04:26 UTC,2016-12-08 10:33:38 UTC,,http://fallingfruit.org/imports/11,false,{Lemon}
533,37.854355,-122.267456,false,,,,,,,Liz,,Berkeley,California,United States,2013-02-07 00:04:26 UTC,2016-12-08 01:54:34 UTC,,http://fallingfruit.org/imports/11,false,{Rosemary}
534,37.858604,-122.265793,false,,,,,,,Liz,,Berkeley,California,United States,2013-02-07 00:04:26 UTC,2016-12-02 09:02:32 UTC,,http://fallingfruit.org/imports/11,false,{Rosemary}
535,37.859669,-122.264351,false,,,,,,,Liz,,Berkeley,California,United States,2013-02-07 00:04:26 UTC,2016-12-09 04:04:14 UTC,,http://fallingfruit.org/imports/11,false,{Rosemary}
536,37.860752,-122.264404,false,,,,,,,Liz,,Berkeley,California,United States,2013-02-07 00:04:26 UTC,2016-12-08 02:58:52 UTC,,http://fallingfruit.org/imports/11,false,{Plum}
537,37.861855,-122.264648,false,,,,,,,Liz,,Berkeley,California,United States,2013-02-07 00:04:26 UTC,2016-12-06 06:50:02 UTC,,http://fallingfruit.org/imports/11,false,"{""Green bean""}"
538,37.861786,-122.264633,false,,,,,,,Liz,,Berkeley,California,United States,2013-02-07 00:04:26 UTC,2016-12-02 07:25:32 UTC,,http://fallingfruit.org/imports/11,false,{Squash}
539,37.862087,-122.264694,false,,,,,,,Liz,,Berkeley,California,United States,2013-02-07 00:04:26 UTC,2016-12-07 20:35:49 UTC,,http://fallingfruit.org/imports/11,false,{Nasturtium}
540,37.855789,-122.263519,false,In road barriers.,,,,,,Liz,,Berkeley,California,United States,2013-02-07 00:04:26 UTC,2016-12-03 23:16:55 UTC,,http://fallingfruit.org/imports/11,false,{Rosemary}
541,37.858112,-122.263855,false,No longer,,,,,,Liz,"2821 Fulton St, Berkeley, CA 94705, USA",Berkeley,California,United States,2013-02-07 00:04:26 UTC,2026-03-13 05:00:08 UTC,,http://fallingfruit.org/imports/11,false,{Grape}
542,37.85722,-122.263687,false,,,,,,,Liz,,Berkeley,California,United States,2013-02-07 00:04:26 UTC,2016-12-02 07:27:37 UTC,,http://fallingfruit.org/imports/11,false,{Apple}
543,37.856815,-122.263641,false,Hard to get.,,,,,,Liz,,Berkeley,California,United States,2013-02-07 00:04:26 UTC,2016-12-03 23:17:47 UTC,,http://fallingfruit.org/imports/11,false,{Lemon}
544,37.863186,-122.2668,false,,,,,,,Liz,,Berkeley,California,United States,2013-02-07 00:04:26 UTC,2016-12-02 07:24:24 UTC,,http://fallingfruit.org/imports/11,false,"{""Common fig""}"
545,37.861954,-122.26255,false,,,,,,,Liz,,Berkeley,California,United States,2013-02-07 00:04:26 UTC,2016-12-06 17:25:30 UTC,,http://fallingfruit.org/imports/11,false,{Rosemary}
546,37.859829,-122.262154,false,Tall tree,,,,,,Liz,,Berkeley,California,United States,2013-02-07 00:04:26 UTC,2016-12-02 22:29:30 UTC,,http://fallingfruit.org/imports/11,false,{Orange}
547,37.859486,-122.262077,false,Behind big fence... not terribly accessible.,,,,,,Liz,,Berkeley,California,United States,2013-02-07 00:04:26 UTC,2016-12-02 05:46:01 UTC,,http://fallingfruit.org/imports/11,false,{Lemon}
548,37.859447,-122.262062,false,Also behind tall fence,,,,,,Liz,,Berkeley,California,United States,2013-02-07 00:04:26 UTC,2016-12-03 07:49:20 UTC,,http://fallingfruit.org/imports/11,false,{Peach}
549,37.859425,-122.262054,false,Behind tall fence,,,,,,Liz,,Berkeley,California,United States,2013-02-07 00:04:26 UTC,2016-12-08 09:10:39 UTC,,http://fallingfruit.org/imports/11,false,"{""Common fig""}"
550,37.857384,-122.262306,false,On fence near school,,,,,,Liz,,Berkeley,California,United States,2013-02-07 00:04:26 UTC,2016-12-05 11:06:16 UTC,,http://fallingfruit.org/imports/11,false,{Grape}
551,37.852283,-122.267387,false,,,,,,,Liz,,Berkeley,California,United States,2013-02-07 00:04:26 UTC,2016-12-03 23:25:12 UTC,,http://fallingfruit.org/imports/11,false,{Rosemary}
552,37.852257,-122.267563,false,Tall tree,,,,Excellent,Very Good,Liz,,Berkeley,California,United States,2013-02-07 00:04:26 UTC,2016-12-08 11:36:40 UTC,,http://fallingfruit.org/imports/11,false,{Orange}
553,37.852459,-122.265083,false,,,,,,,Liz,,Berkeley,California,United States,2013-02-07 00:04:26 UTC,2016-12-03 23:57:48 UTC,,http://fallingfruit.org/imports/11,false,{Rosemary}
554,37.853237,-122.264175,false,Low to ground but not a lot of fruit,,,,,,Liz,,Berkeley,California,United States,2013-02-07 00:04:26 UTC,2016-12-08 10:33:39 UTC,,http://fallingfruit.org/imports/11,false,{Lemon}
555,37.854488,-122.26226,false,Along fence,,,,,,Liz,,Berkeley,California,United States,2013-02-07 00:04:26 UTC,2016-12-03 10:16:22 UTC,,http://fallingfruit.org/imports/11,false,{Nasturtium}
556,37.857056,-122.262665,false,,,,,,,Liz,,Berkeley,California,United States,2013-02-07 00:04:26 UTC,2016-12-01 11:53:29 UTC,,http://fallingfruit.org/imports/11,false,{Rosemary}
557,37.856464,-122.267471,false,,,,,Very Good,Excellent,Liz,,Berkeley,California,United States,2013-02-07 00:04:26 UTC,2016-12-08 11:16:12 UTC,,http://fallingfruit.org/imports/11,false,{Lemon}
558,37.85619,-122.267593,false,,,,,,,Liz,,Berkeley,California,United States,2013-02-07 00:04:26 UTC,2016-12-01 08:47:18 UTC,,http://fallingfruit.org/imports/11,false,{Apple}
559,37.857063,-122.263481,false,,,,,,,Liz,,,,,2013-02-07 00:04:26 UTC,2013-02-07 00:04:26 UTC,,http://fallingfruit.org/imports/11,false,{Lemon}
560,37.860065,-122.262833,false,A bunch of houses on Ward between Ellsworth and Fulton have gardens growing in the front yards and on the parkway. It is unclear if they would like it to remain for private consumption... but some of the tomatoes and such are pretty darn close to the sidewalk. Some is on the parkway too. Idk.,,,,,,Liz,,Berkeley,California,United States,2013-02-07 00:04:26 UTC,2016-12-01 09:49:16 UTC,,http://fallingfruit.org/imports/11,false,{Tomato}
561,37.859982,-122.26339,false,,,,,,,Liz,,Berkeley,California,United States,2013-02-07 00:04:26 UTC,2016-12-03 23:24:56 UTC,,http://fallingfruit.org/imports/11,false,{Pumpkin}
562,37.863419,-122.262573,false,,,,,,,Liz,,Berkeley,California,United States,2013-02-07 00:04:26 UTC,2016-12-02 14:16:56 UTC,,http://fallingfruit.org/imports/11,false,{Peach}
563,37.862091,-122.261154,false,,,,,,,Liz,,Berkeley,California,United States,2013-02-07 00:04:26 UTC,2016-12-07 11:29:02 UTC,,http://fallingfruit.org/imports/11,false,{Apple}
564,37.862183,-122.260658,false,On fence outside blue house.,,,,,,Liz,,Berkeley,California,United States,2013-02-07 00:04:26 UTC,2016-12-06 01:11:24 UTC,,http://fallingfruit.org/imports/11,false,{Grape}
565,37.859962,-122.255898,false,,,,,,,Liz,,Berkeley,California,United States,2013-02-07 00:04:26 UTC,2016-12-03 23:52:46 UTC,,http://fallingfruit.org/imports/11,false,{Apple}
566,37.859669,-122.255852,false,,,,,,,Liz,,Berkeley,California,United States,2013-02-07 00:04:26 UTC,2016-12-02 09:23:50 UTC,,http://fallingfruit.org/imports/11,false,{Apple}
567,37.858532,-122.255829,false,Huge tree- but in yard. Progress only when dark.,,,,,,Liz,,Berkeley,California,United States,2013-02-07 00:04:26 UTC,2016-12-07 21:18:57 UTC,,http://fallingfruit.org/imports/11,false,{Lemon}
568,37.859657,-122.254616,false,,,,,,,Liz,,Berkeley,California,United States,2013-02-07 00:04:26 UTC,2016-12-04 01:00:59 UTC,,http://fallingfruit.org/imports/11,false,{Plum}
569,37.860027,-122.254517,false,,,,,,,Liz,,Berkeley,California,United States,2013-02-07 00:04:26 UTC,2016-12-07 12:11:04 UTC,,http://fallingfruit.org/imports/11,false,{Plum}
570,37.860153,-122.254524,false,,,,,,,Liz,,Berkeley,California,United States,2013-02-07 00:04:26 UTC,2016-12-08 06:50:05 UTC,,http://fallingfruit.org/imports/11,false,{Plum}
571,37.861504,-122.254814,false,Over fence- need loppers,,,,,,Liz,,Berkeley,California,United States,2013-02-07 00:04:26 UTC,2016-12-02 07:23:55 UTC,,http://fallingfruit.org/imports/11,false,{Orange}
572,37.862011,-122.254921,false,on the parkway! Woot!,,,,,,Liz,,Berkeley,California,United States,2013-02-07 00:04:26 UTC,2016-12-09 15:42:36 UTC,,http://fallingfruit.org/imports/11,false,{Kumquat}
573,37.863426,-122.254883,false,,,,,,,Liz,,Berkeley,California,United States,2013-02-07 00:04:26 UTC,2016-12-02 05:24:50 UTC,,http://fallingfruit.org/imports/11,false,{Lemon}
574,37.865601,-122.255386,false,,,,,,,Liz,,Berkeley,California,United States,2013-02-07 00:04:26 UTC,2016-12-07 10:03:11 UTC,,http://fallingfruit.org/imports/11,false,"{""Strawberry tree""}"
575,37.865669,-122.25502,false,,,,,,,Liz,,Berkeley,California,United States,2013-02-07 00:04:26 UTC,2016-12-09 17:39:42 UTC,,http://fallingfruit.org/imports/11,false,"{""Strawberry tree""}"
576,37.865688,-122.254768,false,,,,,,,Liz,,Berkeley,California,United States,2013-02-07 00:04:26 UTC,2016-12-08 02:15:51 UTC,,http://fallingfruit.org/imports/11,false,"{""Strawberry tree""}"
577,37.865726,-122.254463,false,,,,,,,Liz,,Berkeley,California,United States,2013-02-07 00:04:26 UTC,2016-12-02 07:39:01 UTC,,http://fallingfruit.org/imports/11,false,"{""Strawberry tree""}"
578,37.865456,-122.257393,false,,,,,,,Liz,,Berkeley,California,United States,2013-02-07 00:04:26 UTC,2016-12-02 07:24:41 UTC,,http://fallingfruit.org/imports/11,false,{Pear}
579,37.865395,-122.257652,false,In people's park- lots of edibles... if you're a people.,,,,,,Liz,,Berkeley,California,United States,2013-02-07 00:04:26 UTC,2016-12-08 13:01:14 UTC,,http://fallingfruit.org/imports/11,false,{Pomegranate}
580,37.86528,-122.257721,false,,,,,,,Liz,,Berkeley,California,United States,2013-02-07 00:04:26 UTC,2016-12-02 06:29:08 UTC,,http://fallingfruit.org/imports/11,false,{Blackberry}
581,37.864506,-122.255043,false,,,,,,,Liz,,Berkeley,California,United States,2013-02-07 00:04:26 UTC,2016-12-02 09:02:34 UTC,,http://fallingfruit.org/imports/11,false,{Loquat}
582,37.86499,-122.26619,false,Outside cat and dog hospital,,,,,Good,Liz,,Berkeley,California,United States,2013-02-07 00:04:26 UTC,2016-12-03 10:16:23 UTC,,http://fallingfruit.org/imports/11,false,{Lime}
583,37.854996,-122.254852,false,,,,,,,Liz,,Berkeley,California,United States,2013-02-07 00:04:26 UTC,2016-12-03 03:14:49 UTC,,http://fallingfruit.org/imports/11,false,{Pomegranate}
584,37.854012,-122.254898,false,,,,,,,Liz,,Berkeley,California,United States,2013-02-07 00:04:26 UTC,2016-12-09 14:17:01 UTC,,http://fallingfruit.org/imports/11,false,{Lemon}
585,37.858894,-122.253265,false,,,,,,,Liz,,Berkeley,California,United States,2013-02-07 00:04:26 UTC,2016-12-03 23:16:47 UTC,,http://fallingfruit.org/imports/11,false,{Apple}
586,37.858875,-122.257172,false,,,,,,,Liz,,Berkeley,California,United States,2013-02-07 00:04:26 UTC,2016-12-05 06:32:55 UTC,,http://fallingfruit.org/imports/11,false,{Lemon}
587,37.865627,-122.260994,false,,,,,,,Liz,,Berkeley,California,United States,2013-02-07 00:04:26 UTC,2016-12-03 23:49:51 UTC,,http://fallingfruit.org/imports/11,false,"{""Common fig""}"
588,37.863647,-122.263123,false,,,,,,,Liz,,Berkeley,California,United States,2013-02-07 00:04:26 UTC,2016-12-08 02:37:38 UTC,,http://fallingfruit.org/imports/11,false,"{""Common fig""}"
589,37.863037,-122.261147,false,on Co-op property,,,,,,Liz,,Berkeley,California,United States,2013-02-07 00:04:26 UTC,2016-12-08 07:31:35 UTC,,http://fallingfruit.org/imports/11,false,{Apple}
590,37.863377,-122.261406,false,Amazing tree in between two apartment building parking lots.,,,,,,Liz,,Berkeley,California,United States,2013-02-07 00:04:26 UTC,2016-12-01 17:46:14 UTC,,http://fallingfruit.org/imports/11,false,{Apple}
591,37.863411,-122.260986,false,little red apples,,,,,,Liz,,Berkeley,California,United States,2013-02-07 00:04:26 UTC,2016-12-02 07:25:06 UTC,,http://fallingfruit.org/imports/11,false,{Apple}
592,37.863037,-122.259628,false,,,,,,,Liz,,Berkeley,California,United States,2013-02-07 00:04:26 UTC,2016-12-04 00:01:31 UTC,,http://fallingfruit.org/imports/11,false,{Lime}
593,37.861938,-122.26223,false,,,,,,,Liz,,Berkeley,California,United States,2013-02-07 00:04:26 UTC,2016-12-02 07:39:02 UTC,,http://fallingfruit.org/imports/11,false,{Apple}
594,37.870796,-122.27282,false,On sidewalk inside a fenced tree near H&R Block- glorious tomatoes live.,,,,,,Liz,,Berkeley,California,United States,2013-02-07 00:04:26 UTC,2016-12-09 12:50:33 UTC,,http://fallingfruit.org/imports/11,false,{Tomato}
595,37.863091,-122.260979,false,,,,,,,Liz,,Berkeley,California,United States,2013-02-07 00:04:26 UTC,2016-12-05 22:21:34 UTC,,http://fallingfruit.org/imports/11,false,"{""Common fig""}"
596,37.860767,-122.256783,false,,,,,,,Liz,,Berkeley,California,United States,2013-02-07 00:04:26 UTC,2016-12-02 07:24:15 UTC,,http://fallingfruit.org/imports/11,false,"{""Strawberry tree""}"
597,37.86171,-122.257172,false,,,,,,,Liz,,Berkeley,California,United States,2013-02-07 00:04:26 UTC,2016-12-01 16:00:00 UTC,,http://fallingfruit.org/imports/11,false,"{""Common fig""}"
598,37.859253,-122.260925,false,,,,,,,Liz,,Berkeley,California,United States,2013-02-07 00:04:26 UTC,2016-12-07 09:42:28 UTC,,http://fallingfruit.org/imports/11,false,{Orange}
599,37.859337,-122.259842,false,Outside Krishna Center,,,,,,Liz,,Berkeley,California,United States,2013-02-07 00:04:26 UTC,2016-12-08 06:50:06 UTC,,http://fallingfruit.org/imports/11,false,{Apple}
600,37.859329,-122.25708,false,,,,,,,Liz,,Berkeley,California,United States,2013-02-07 00:04:26 UTC,2016-12-01 19:16:42 UTC,,http://fallingfruit.org/imports/11,false,{Grape}
601,37.85738,-122.258553,false,,,,,,,Liz,,Berkeley,California,United States,2013-02-07 00:04:26 UTC,2016-12-05 06:33:40 UTC,,http://fallingfruit.org/imports/11,false,{Lemon}
602,37.856972,-122.25824,false,,,,,,,Liz,,Berkeley,California,United States,2013-02-07 00:04:26 UTC,2016-12-02 05:46:02 UTC,,http://fallingfruit.org/imports/11,false,{Lemon}
603,37.861721,-122.255417,false,,,,,,,Liz,,Berkeley,California,United States,2013-02-07 00:04:26 UTC,2016-12-06 02:37:12 UTC,,http://fallingfruit.org/imports/11,false,"{""Common fig""}"
604,37.858177,-122.264084,false,Huge- but behind fence,,,,,,Liz,,Berkeley,California,United States,2013-02-07 00:04:26 UTC,2016-12-05 12:51:46 UTC,,http://fallingfruit.org/imports/11,false,{Pear}
605,37.853973,-122.264816,false,Huge tree on sidewalk but house owner not so nice.,,,,,,Liz,,Berkeley,California,United States,2013-02-07 00:04:26 UTC,2016-12-01 23:05:57 UTC,,http://fallingfruit.org/imports/11,false,{Pear}
31719,37.889496,-122.278491,false,[2x] Brush Cherry (Eugenia paniculata) @ 1805 Marin Ave,,,,,,City of Berkeley,,Berkeley,California,United States,2013-02-17 04:00:48 UTC,2016-12-07 00:54:02 UTC,,http://fallingfruit.org/imports/79,true,"{""Magenta lilly pilly""}"
31720,37.897479,-122.280863,false,[1x] Sydney Golden Wattle (Acacia longifolia) @ 1819 Thousand Oaks Blvd,,,,,,City of Berkeley,,Berkeley,California,United States,2013-02-17 04:00:48 UTC,2016-12-01 08:48:19 UTC,,http://fallingfruit.org/imports/79,true,"{""Sydney golden wattle""}"
31721,37.854344,-122.277541,false,[1x] Sydney Golden Wattle (Acacia longifolia) @ 1540 Julia St,,,,,,City of Berkeley,,Berkeley,California,United States,2013-02-17 04:00:48 UTC,2016-12-09 01:12:49 UTC,,http://fallingfruit.org/imports/79,true,"{""Sydney golden wattle""}"
31722,37.87121,-122.293922,false,[1x] Sydney Golden Wattle (Acacia longifolia) @ 1030 Delaware St,,,,,,City of Berkeley,,Berkeley,California,United States,2013-02-17 04:00:48 UTC,2016-12-02 09:03:17 UTC,,http://fallingfruit.org/imports/79,true,"{""Sydney golden wattle""}"
31723,37.871156,-122.293903,false,[1x] Sydney Golden Wattle (Acacia longifolia) @ 1030 Delaware St,,,,,,City of Berkeley,,Berkeley,California,United States,2013-02-17 04:00:48 UTC,2016-12-06 16:41:06 UTC,,http://fallingfruit.org/imports/79,true,"{""Sydney golden wattle""}"
31724,37.87543,-122.299564,false,[1x] Sydney Golden Wattle (Acacia longifolia) @ 871 Jones St,,,,,,City of Berkeley,,Berkeley,California,United States,2013-02-17 04:00:48 UTC,2016-12-05 08:19:10 UTC,,http://fallingfruit.org/imports/79,true,"{""Sydney golden wattle""}"
31725,37.871769,-122.295271,false,[1x] Sydney Golden Wattle (Acacia longifolia) @ 1735 9th St,,,,,,City of Berkeley,,Berkeley,California,United States,2013-02-17 04:00:48 UTC,2016-12-08 13:44:34 UTC,,http://fallingfruit.org/imports/79,true,"{""Sydney golden wattle""}"
31726,37.884389,-122.26805,false,[1x] Sugar Maple (Acer saccharum) @ Live Oak Park,,,,,,City of Berkeley,,Berkeley,California,United States,2013-02-17 04:00:48 UTC,2016-12-08 07:53:09 UTC,,http://fallingfruit.org/imports/79,true,"{""Sugar maple""}"
31727,37.884382,-122.268107,false,[1x] Sugar Maple (Acer saccharum) @ Live Oak Park,,,,,,City of Berkeley,,Berkeley,California,United States,2013-02-17 04:00:48 UTC,2016-12-03 09:14:20 UTC,,http://fallingfruit.org/imports/79,true,"{""Sugar maple""}"
31728,37.895721,-122.273776,false,[1x] Sugar Maple (Acer saccharum) @ 757 San Diego Rd,,,,,,City of Berkeley,,Berkeley,California,United States,2013-02-17 04:00:48 UTC,2016-12-03 04:15:00 UTC,,http://fallingfruit.org/imports/79,true,"{""Sugar maple""}"
31729,37.90349,-122.274551,false,[1x] Sugar Maple (Acer saccharum) @ 381 Vermont Ave,,,,,,City of Berkeley,,Berkeley,California,United States,2013-02-17 04:00:48 UTC,2016-12-03 11:38:10 UTC,,http://fallingfruit.org/imports/79,true,"{""Sugar maple""}"
31730,37.899305,-122.277552,false,[1x] Sugar Maple (Acer saccharum) @ 598 Arlington Ave,,,,,,City of Berkeley,,Berkeley,California,United States,2013-02-17 04:00:48 UTC,2016-12-07 02:40:21 UTC,,http://fallingfruit.org/imports/79,true,"{""Sugar maple""}"
31731,37.89935,-122.277585,false,[1x] Sugar Maple (Acer saccharum) @ 598 Arlington Ave,,,,,,City of Berkeley,,Berkeley,California,United States,2013-02-17 04:00:48 UTC,2016-12-01 10:10:40 UTC,,http://fallingfruit.org/imports/79,true,"{""Sugar maple""}"
31732,37.899995,-122.280491,false,[1x] Sugar Maple (Acer saccharum) @ 517 The Alameda,,,,,,City of Berkeley,,Berkeley,California,United States,2013-02-17 04:00:48 UTC,2016-12-02 17:54:10 UTC,,http://fallingfruit.org/imports/79,true,"{""Sugar maple""}"
31733,37.894881,-122.283036,false,[1x] Sugar Maple (Acer saccharum) @ 684 Colusa Ave,,,,,,City of Berkeley,,Berkeley,California,United States,2013-02-17 04:00:48 UTC,2016-12-08 00:31:27 UTC,,http://fallingfruit.org/imports/79,true,"{""Sugar maple""}"
31734,37.873006,-122.280369,false,[1x] Sugar Maple (Acer saccharum) @ Ohlone Park,,,,,,City of Berkeley,,Berkeley,California,United States,2013-02-17 04:00:48 UTC,2016-12-03 07:50:15 UTC,,http://fallingfruit.org/imports/79,true,"{""Sugar maple""}"
31735,37.853914,-122.256275,false,[1x] Sugar Maple (Acer saccharum) @ 2482 Prince St,,,,,,City of Berkeley,,Berkeley,California,United States,2013-02-17 04:00:48 UTC,2016-12-03 22:30:52 UTC,,http://fallingfruit.org/imports/79,true,"{""Sugar maple""}"
31736,37.854097,-122.245086,false,[1x] Sugar Maple (Acer saccharum) @ 73 Parkside Dr,,,,,,City of Berkeley,,Berkeley,California,United States,2013-02-17 04:00:48 UTC,2016-12-07 13:15:20 UTC,,http://fallingfruit.org/imports/79,true,"{""Sugar maple""}"
31737,37.853997,-122.256294,false,[1x] Sugar Maple (Acer saccharum) @ 2482 Prince St,,,,,,City of Berkeley,,Berkeley,California,United States,2013-02-17 04:00:48 UTC,2016-12-08 17:20:49 UTC,,http://fallingfruit.org/imports/79,true,"{""Sugar maple""}"
31738,37.853936,-122.256282,false,[1x] Sugar Maple (Acer saccharum) @ 2482 Prince St,,,,,,City of Berkeley,,Berkeley,California,United States,2013-02-17 04:00:48 UTC,2016-12-03 17:34:53 UTC,,http://fallingfruit.org/imports/79,true,"{""Sugar maple""}"
31739,37.86016,-122.264413,false,[1x] Sugar Maple (Acer saccharum) @ 2710 Fulton St,,,,,,City of Berkeley,,Berkeley,California,United States,2013-02-17 04:00:48 UTC,2016-12-08 06:07:57 UTC,,http://fallingfruit.org/imports/79,true,"{""Sugar maple""}"
31740,37.856942,-122.265533,false,[1x] Sugar Maple (Acer saccharum) @ 2125 Russell St,,,,,,City of Berkeley,,Berkeley,California,United States,2013-02-17 04:00:48 UTC,2016-12-07 16:22:19 UTC,,http://fallingfruit.org/imports/79,true,"{""Sugar maple""}"
31741,37.854854,-122.281845,false,[1x] Sugar Maple (Acer saccharum) @ 2825 Acton St,,,,,,City of Berkeley,,Berkeley,California,United States,2013-02-17 04:00:48 UTC,2016-12-02 11:06:07 UTC,,http://fallingfruit.org/imports/79,true,"{""Sugar maple""}"
31742,37.857149,-122.270004,false,[1x] Sugar Maple (Acer saccharum) @ 1926 Oregon St,,,,,,City of Berkeley,,Berkeley,California,United States,2013-02-17 04:00:48 UTC,2016-12-06 08:13:04 UTC,,http://fallingfruit.org/imports/79,true,"{""Sugar maple""}"
31743,37.85528,-122.285729,false,[1x] Sugar Maple (Acer saccharum) @ 1215 Oregon St,,,,,,City of Berkeley,,Berkeley,California,United States,2013-02-17 04:00:48 UTC,2016-12-01 15:08:21 UTC,,http://fallingfruit.org/imports/79,true,"{""Sugar maple""}"
31744,37.857157,-122.269945,false,[1x] Sugar Maple (Acer saccharum) @ 1926 Oregon St,,,,,,City of Berkeley,,Berkeley,California,United States,2013-02-17 04:00:48 UTC,2016-12-08 21:15:31 UTC,,http://fallingfruit.org/imports/79,true,"{""Sugar maple""}"
31745,37.859969,-122.280538,false,[1x] Sugar Maple (Acer saccharum) @ 2626 Sacramento St,,,,,,City of Berkeley,,Berkeley,California,United States,2013-02-17 04:00:48 UTC,2016-12-09 15:43:24 UTC,,http://fallingfruit.org/imports/79,true,"{""Sugar maple""}"
31746,37.861865,-122.264758,false,[1x] Sugar Maple (Acer saccharum) @ 2616 Fulton St,,,,,,City of Berkeley,,Berkeley,California,United States,2013-02-17 04:00:48 UTC,2016-12-02 19:27:04 UTC,,http://fallingfruit.org/imports/79,true,"{""Sugar maple""}"
31747,37.860293,-122.264434,false,[1x] Sugar Maple (Acer saccharum) @ 2706 Fulton St,,,,,,City of Berkeley,,Berkeley,California,United States,2013-02-17 04:00:48 UTC,2016-12-08 08:32:33 UTC,,http://fallingfruit.org/imports/79,true,"{""Sugar maple""}"
31748,37.859226,-122.264217,false,[1x] Sugar Maple (Acer saccharum) @ 2742 Fulton St,,,,,,City of Berkeley,,Berkeley,California,United States,2013-02-17 04:00:48 UTC,2016-12-09 03:21:30 UTC,,http://fallingfruit.org/imports/79,true,"{""Sugar maple""}"
31749,37.859133,-122.264208,false,[1x] Sugar Maple (Acer saccharum) @ 2744 Fulton St,,,,,,City of Berkeley,,Berkeley,California,United States,2013-02-17 04:00:48 UTC,2016-12-08 15:55:38 UTC,,http://fallingfruit.org/imports/79,true,"{""Sugar maple""}"
31750,37.870441,-122.272962,false,[1x] Sugar Maple (Acer saccharum) @ 2100 M L King Jr Way,,,,,,City of Berkeley,,Berkeley,California,United States,2013-02-17 04:00:48 UTC,2016-12-03 10:37:45 UTC,,http://fallingfruit.org/imports/79,true,"{""Sugar maple""}"
31751,37.861119,-122.267167,false,[1x] Sugar Maple (Acer saccharum) @ 2628 Shattuck Ave,,,,,,City of Berkeley,,Berkeley,California,United States,2013-02-17 04:00:48 UTC,2016-12-07 16:22:20 UTC,,http://fallingfruit.org/imports/79,true,"{""Sugar maple""}"
31752,37.856764,-122.264801,false,[1x] Sugar Maple (Acer saccharum) @ 2906 Wheeler St,,,,,,City of Berkeley,,Berkeley,California,United States,2013-02-17 04:00:48 UTC,2016-12-09 04:48:13 UTC,,http://fallingfruit.org/imports/79,true,"{""Sugar maple""}"
31753,37.861959,-122.26478,false,[1x] Sugar Maple (Acer saccharum) @ 2612 Fulton St,,,,,,City of Berkeley,,Berkeley,California,United States,2013-02-17 04:00:48 UTC,2016-12-03 02:33:01 UTC,,http://fallingfruit.org/imports/79,true,"{""Sugar maple""}"
31754,37.859271,-122.264239,false,[1x] Sugar Maple (Acer saccharum) @ 2742 Fulton St,,,,,,City of Berkeley,,Berkeley,California,United States,2013-02-17 04:00:49 UTC,2016-12-06 09:36:29 UTC,,http://fallingfruit.org/imports/79,true,"{""Sugar maple""}"
31755,37.856836,-122.263728,false,[1x] Sugar Maple (Acer saccharum) @ 2154 Russell St,,,,,,City of Berkeley,,Berkeley,California,United States,2013-02-17 04:00:49 UTC,2016-12-02 08:38:03 UTC,,http://fallingfruit.org/imports/79,true,"{""Sugar maple""}"
31756,37.862194,-122.264826,false,[1x] Sugar Maple (Acer saccharum) @ 2604 Fulton St,,,,,,City of Berkeley,,Berkeley,California,United States,2013-02-17 04:00:49 UTC,2016-12-06 06:09:26 UTC,,http://fallingfruit.org/imports/79,true,"{""Sugar maple""}"
31757,37.857303,-122.263823,false,[1x] Sugar Maple (Acer saccharum) @ 2842 Fulton St,,,,,,City of Berkeley,,Berkeley,California,United States,2013-02-17 04:00:49 UTC,2016-12-08 10:34:14 UTC,,http://fallingfruit.org/imports/79,true,"{""Sugar maple""}"
31758,37.863175,-122.265022,false,[1x] Sugar Maple (Acer saccharum) @ 2198 Blake St,,,,,,City of Berkeley,,Berkeley,California,United States,2013-02-17 04:00:49 UTC,2016-12-03 19:40:54 UTC,,http://fallingfruit.org/imports/79,true,"{""Sugar maple""}"
31759,37.856498,-122.263655,false,[1x] Sugar Maple (Acer saccharum) @ 2912 Fulton St,,,,,,City of Berkeley,,Berkeley,California,United States,2013-02-17 04:00:49 UTC,2016-12-03 13:46:16 UTC,,http://fallingfruit.org/imports/79,true,"{""Sugar maple""}"
31760,37.86138,-122.267211,false,[1x] Sugar Maple (Acer saccharum) @ 2620 Shattuck Ave,,,,,,City of Berkeley,,Berkeley,California,United States,2013-02-17 04:00:49 UTC,2016-12-01 16:14:39 UTC,,http://fallingfruit.org/imports/79,true,"{""Sugar maple""}"
31761,37.862254,-122.267325,false,[1x] Sugar Maple (Acer saccharum) @ 2576 Shattuck Ave,,,,,,City of Berkeley,,Berkeley,California,United States,2013-02-17 04:00:49 UTC,2016-12-01 14:24:43 UTC,,http://fallingfruit.org/imports/79,true,"{""Sugar maple""}"
31762,37.855246,-122.279549,false,[1x] Sugar Maple (Acer saccharum) @ 2850 Sacramento St,,,,,,City of Berkeley,,Berkeley,California,United States,2013-02-17 04:00:49 UTC,2016-12-07 02:19:19 UTC,,http://fallingfruit.org/imports/79,true,"{""Sugar maple""}"
31763,37.855408,-122.279583,false,[1x] Sugar Maple (Acer saccharum) @ 2850 Sacramento St,,,,,,City of Berkeley,,Berkeley,California,United States,2013-02-17 04:00:49 UTC,2016-12-03 11:58:18 UTC,,http://fallingfruit.org/imports/79,true,"{""Sugar maple""}"
31764,37.855135,-122.279526,false,[1x] Sugar Maple (Acer saccharum) @ 2880 Sacramento St,,,,,,City of Berkeley,,Berkeley,California,United States,2013-02-17 04:00:49 UTC,2016-12-06 00:08:40 UTC,,http://fallingfruit.org/imports/79,true,"{""Sugar maple""}"
31765,37.855369,-122.285754,false,[1x] Sugar Maple (Acer saccharum) @ 1215 Oregon St,,,,,,City of Berkeley,,Berkeley,California,United States,2013-02-17 04:00:49 UTC,2016-12-01 15:52:56 UTC,,http://fallingfruit.org/imports/79,true,"{""Sugar maple""}"
31766,37.851528,-122.28516,false,"[1x] Sugar Maple (Acer saccharum) @ 1202 Carrison St

The young spring leaves of maple are edible. You can eat them raw or cooked.",March,April,false,,,City of Berkeley,"1206 Carrison St, Berkeley, CA 94702, USA",Berkeley,California,United States,2013-02-17 04:00:49 UTC,2025-05-04 05:11:10 UTC,,http://fallingfruit.org/imports/79,true,"{""Sugar maple""}"
31767,37.85748,-122.280022,false,[1x] Sugar Maple (Acer saccharum) @ 2758 Sacramento St,,,,,,City of Berkeley,,Berkeley,California,United States,2013-02-17 04:00:49 UTC,2016-12-01 22:44:56 UTC,,http://fallingfruit.org/imports/79,true,"{""Sugar maple""}"
31768,37.855491,-122.279596,false,[1x] Sugar Maple (Acer saccharum) @ 2850 Sacramento St,,,,,,City of Berkeley,,Berkeley,California,United States,2013-02-17 04:00:49 UTC,2016-12-06 09:15:28 UTC,,http://fallingfruit.org/imports/79,true,"{""Sugar maple""}"
31769,37.856868,-122.279893,false,[1x] Sugar Maple (Acer saccharum) @ 2798 Sacramento St,,,,,,City of Berkeley,,Berkeley,California,United States,2013-02-17 04:00:49 UTC,2016-12-06 12:44:42 UTC,,http://fallingfruit.org/imports/79,true,"{""Sugar maple""}"
31770,37.855673,-122.279635,false,[1x] Sugar Maple (Acer saccharum) @ 2850 Sacramento St,,,,,,City of Berkeley,,Berkeley,California,United States,2013-02-17 04:00:49 UTC,2016-12-07 13:37:01 UTC,,http://fallingfruit.org/imports/79,true,"{""Sugar maple""}"
31771,37.856782,-122.282411,false,[1x] Sugar Maple (Acer saccharum) @ 2742 Acton St,,,,,,City of Berkeley,,Berkeley,California,United States,2013-02-17 04:00:49 UTC,2016-12-09 15:00:47 UTC,,http://fallingfruit.org/imports/79,true,"{""Sugar maple""}"
31772,37.85342,-122.281313,false,[1x] Sugar Maple (Acer saccharum) @ 2935 Acton St,,,,,,City of Berkeley,,Berkeley,California,United States,2013-02-17 04:00:49 UTC,2016-12-03 01:04:14 UTC,,http://fallingfruit.org/imports/79,true,"{""Sugar maple""}"
31773,37.86149,-122.281004,false,[1x] Sugar Maple (Acer saccharum) @ 2550 Sacramento St,,,,,,City of Berkeley,,Berkeley,California,United States,2013-02-17 04:00:49 UTC,2016-12-07 02:19:20 UTC,,http://fallingfruit.org/imports/79,true,"{""Sugar maple""}"
31774,37.859035,-122.28034,false,[1x] Sugar Maple (Acer saccharum) @ 2686 Sacramento St,,,,,,City of Berkeley,,Berkeley,California,United States,2013-02-17 04:00:49 UTC,2016-12-02 21:22:33 UTC,,http://fallingfruit.org/imports/79,true,"{""Sugar maple""}"
31775,37.858348,-122.280189,false,[1x] Sugar Maple (Acer saccharum) @ 2714 Sacramento St,,,,,,City of Berkeley,,Berkeley,California,United States,2013-02-17 04:00:49 UTC,2016-12-05 08:19:11 UTC,,http://fallingfruit.org/imports/79,true,"{""Sugar maple""}"
31776,37.860591,-122.280676,false,[1x] Sugar Maple (Acer saccharum) @ 2598 Sacramento St,,,,,,City of Berkeley,,Berkeley,California,United States,2013-02-17 04:00:49 UTC,2016-12-08 02:16:37 UTC,,http://fallingfruit.org/imports/79,true,"{""Sugar maple""}"
31777,37.858538,-122.280261,false,[1x] Sugar Maple (Acer saccharum) @ 1702 Sacramento St,,,,,,City of Berkeley,,Berkeley,California,United States,2013-02-17 04:00:49 UTC,2016-12-03 19:20:23 UTC,,http://fallingfruit.org/imports/79,true,"{""Sugar maple""}"
31778,37.861186,-122.280844,false,[1x] Sugar Maple (Acer saccharum) @ 2556 Sacramento St,,,,,,City of Berkeley,,Berkeley,California,United States,2013-02-17 04:00:49 UTC,2016-12-01 15:52:57 UTC,,http://fallingfruit.org/imports/79,true,"{""Sugar maple""}"
31779,37.858166,-122.280172,false,[1x] Sugar Maple (Acer saccharum) @ 2734 Sacramento St,,,,,,City of Berkeley,,Berkeley,California,United States,2013-02-17 04:00:49 UTC,2016-12-01 14:45:50 UTC,,http://fallingfruit.org/imports/79,true,"{""Sugar maple""}"
31780,37.857967,-122.280125,false,[1x] Sugar Maple (Acer saccharum) @ 2738 Sacramento St,,,,,,City of Berkeley,,Berkeley,California,United States,2013-02-17 04:00:49 UTC,2016-12-07 22:23:46 UTC,,http://fallingfruit.org/imports/79,true,"{""Sugar maple""}"
31781,37.870372,-122.272946,false,[1x] Sugar Maple (Acer saccharum) @ 2100 M L King Jr Way,,,,,,City of Berkeley,,Berkeley,California,United States,2013-02-17 04:00:49 UTC,2016-12-03 16:10:11 UTC,,http://fallingfruit.org/imports/79,true,"{""Sugar maple""}"
31782,37.861881,-122.281153,false,[1x] Sugar Maple (Acer saccharum) @ 2556 Sacramento St,,,,,,City of Berkeley,,Berkeley,California,United States,2013-02-17 04:00:49 UTC,2016-12-07 12:11:53 UTC,,http://fallingfruit.org/imports/79,true,"{""Sugar maple""}"
31783,37.859442,-122.280431,false,[1x] Sugar Maple (Acer saccharum) @ 2654 Sacramento St,,,,,,City of Berkeley,,Berkeley,California,United States,2013-02-17 04:00:49 UTC,2016-12-03 02:10:53 UTC,,http://fallingfruit.org/imports/79,true,"{""Sugar maple""}"
31784,37.860184,-122.280595,false,[1x] Sugar Maple (Acer saccharum) @ 2614 Sacramento St,,,,,,City of Berkeley,,Berkeley,California,United States,2013-02-17 04:00:49 UTC,2016-12-07 22:02:07 UTC,,http://fallingfruit.org/imports/79,true,"{""Sugar maple""}"
31785,37.858853,-122.280311,false,[1x] Sugar Maple (Acer saccharum) @ 2696 Sacramento St,,,,,,City of Berkeley,,Berkeley,California,United States,2013-02-17 04:00:49 UTC,2016-12-03 11:21:56 UTC,,http://fallingfruit.org/imports/79,true,"{""Sugar maple""}"
31786,37.858109,-122.280165,false,[1x] Sugar Maple (Acer saccharum) @ 2734 Sacramento St,,,,,,City of Berkeley,,Berkeley,California,United States,2013-02-17 04:00:49 UTC,2016-12-01 17:47:18 UTC,,http://fallingfruit.org/imports/79,true,"{""Sugar maple""}"
31787,37.860324,-122.280611,false,[1x] Sugar Maple (Acer saccharum) @ 2600 Sacramento St,,,,,,City of Berkeley,,Berkeley,California,United States,2013-02-17 04:00:49 UTC,2016-12-02 11:27:51 UTC,,http://fallingfruit.org/imports/79,true,"{""Sugar maple""}"
31788,37.870187,-122.272916,false,[1x] Sugar Maple (Acer saccharum) @ 2100 M L King Jr Way,,,,,,City of Berkeley,,Berkeley,California,United States,2013-02-17 04:00:49 UTC,2016-12-08 05:05:37 UTC,,http://fallingfruit.org/imports/79,true,"{""Sugar maple""}"
31789,37.870078,-122.272929,false,[1x] Sugar Maple (Acer saccharum) @ 2100 M L King Jr Way,,,,,,City of Berkeley,,Berkeley,California,United States,2013-02-17 04:00:49 UTC,2016-12-03 08:53:18 UTC,,http://fallingfruit.org/imports/79,true,"{""Sugar maple""}"
31790,37.869918,-122.272897,false,[1x] Sugar Maple (Acer saccharum) @ 2100 M L King Jr Way,,,,,,City of Berkeley,,Berkeley,California,United States,2013-02-17 04:00:49 UTC,2016-12-06 05:27:12 UTC,,http://fallingfruit.org/imports/79,true,"{""Sugar maple""}"
31791,37.862663,-122.290813,false,[1x] Sugar Maple (Acer saccharum) @ 1034 Channing Way,,,,,,City of Berkeley,,Berkeley,California,United States,2013-02-17 04:00:49 UTC,2016-12-08 06:07:58 UTC,,http://fallingfruit.org/imports/79,true,"{""Sugar maple""}"
31792,37.874364,-122.264734,false,[1x] Sugar Maple (Acer saccharum) @ 2267 Hearst Ave,,,,,,City of Berkeley,,Berkeley,California,United States,2013-02-17 04:00:49 UTC,2016-12-02 06:08:14 UTC,,http://fallingfruit.org/imports/79,true,"{""Sugar maple""}"
31793,37.877321,-122.265489,false,[1x] Sugar Maple (Acer saccharum) @ 2250 Virginia St,,,,,,City of Berkeley,,Berkeley,California,United States,2013-02-17 04:00:49 UTC,2016-12-07 04:25:54 UTC,,http://fallingfruit.org/imports/79,true,"{""Sugar maple""}"
31794,37.869012,-122.299966,false,[1x] Sugar Maple (Acer saccharum) @ 1833 4th St,,,,,,City of Berkeley,,Berkeley,California,United States,2013-02-17 04:00:49 UTC,2016-12-08 14:29:17 UTC,,http://fallingfruit.org/imports/79,true,"{""Sugar maple""}"
31795,37.874359,-122.265038,false,[1x] Sugar Maple (Acer saccharum) @ 2255 Hearst Ave,,,,,,City of Berkeley,,Berkeley,California,United States,2013-02-17 04:00:49 UTC,2016-12-06 13:49:14 UTC,,http://fallingfruit.org/imports/79,true,"{""Sugar maple""}"
31796,37.874371,-122.265152,false,[1x] Sugar Maple (Acer saccharum) @ 2255 Hearst Ave,,,,,,City of Berkeley,,Berkeley,California,United States,2013-02-17 04:00:49 UTC,2016-12-06 09:57:23 UTC,,http://fallingfruit.org/imports/79,true,"{""Sugar maple""}"
31797,37.872524,-122.301476,false,[1x] Sugar Maple (Acer saccharum) @ 1608 4th St,,,,,,City of Berkeley,,Berkeley,California,United States,2013-02-17 04:00:49 UTC,2016-12-03 17:12:52 UTC,,http://fallingfruit.org/imports/79,true,"{""Sugar maple""}"
31798,37.872727,-122.301548,false,[1x] Sugar Maple (Acer saccharum) @ 1608 4th St,,,,,,City of Berkeley,,Berkeley,California,United States,2013-02-17 04:00:49 UTC,2016-12-08 09:11:19 UTC,,http://fallingfruit.org/imports/79,true,"{""Sugar maple""}"
31799,37.881694,-122.299814,false,[1x] Sugar Maple (Acer saccharum) @ 1150 8th St,,,,,,City of Berkeley,,Berkeley,California,United States,2013-02-17 04:00:49 UTC,2016-12-05 11:47:26 UTC,,http://fallingfruit.org/imports/79,true,"{""Sugar maple""}"
31800,37.881976,-122.29991,false,[1x] Sugar Maple (Acer saccharum) @ 1150 8th St,,,,,,City of Berkeley,,Berkeley,California,United States,2013-02-17 04:00:49 UTC,2016-12-03 06:23:10 UTC,,http://fallingfruit.org/imports/79,true,"{""Sugar maple""}"
31801,37.878223,-122.299871,false,[1x] Sugar Maple (Acer saccharum) @ 1336 7th St,,,,,,City of Berkeley,,Berkeley,California,United States,2013-02-17 04:00:49 UTC,2016-12-09 13:55:52 UTC,,http://fallingfruit.org/imports/79,true,"{""Sugar maple""}"
31802,37.87839,-122.299914,false,[1x] Sugar Maple (Acer saccharum) @ 1336 7th St,,,,,,City of Berkeley,,Berkeley,California,United States,2013-02-17 04:00:49 UTC,2016-12-06 12:02:39 UTC,,http://fallingfruit.org/imports/79,true,"{""Sugar maple""}"
31803,37.872927,-122.301558,false,[1x] Sugar Maple (Acer saccharum) @ 1608 4th St,,,,,,City of Berkeley,,Berkeley,California,United States,2013-02-17 04:00:49 UTC,2016-12-08 17:00:06 UTC,,http://fallingfruit.org/imports/79,true,"{""Sugar maple""}"
31804,37.873488,-122.301775,false,[1x] Sugar Maple (Acer saccharum) @ 1608 4th St,,,,,,City of Berkeley,,Berkeley,California,United States,2013-02-17 04:00:49 UTC,2016-12-03 14:07:00 UTC,,http://fallingfruit.org/imports/79,true,"{""Sugar maple""}"
31805,37.873206,-122.301601,false,[1x] Sugar Maple (Acer saccharum) @ 1609 4th St,,,,,,City of Berkeley,,Berkeley,California,United States,2013-02-17 04:00:49 UTC,2016-12-02 19:03:42 UTC,,http://fallingfruit.org/imports/79,true,"{""Sugar maple""}"
31806,37.862917,-122.298953,false,[1x] Sugar Maple (Acer saccharum) @ 710 Bancroft Way,,,,,,City of Berkeley,,Berkeley,California,United States,2013-02-17 04:00:49 UTC,2016-12-07 02:40:22 UTC,,http://fallingfruit.org/imports/79,true,"{""Sugar maple""}"
31807,37.862865,-122.299135,false,[1x] Sugar Maple (Acer saccharum) @ 710 Bancroft Way,,,,,,City of Berkeley,,Berkeley,California,United States,2013-02-17 04:00:49 UTC,2016-12-01 11:13:19 UTC,,http://fallingfruit.org/imports/79,true,"{""Sugar maple""}"
31808,37.862881,-122.299047,false,[1x] Sugar Maple (Acer saccharum) @ 710 Bancroft Way,,,,,,City of Berkeley,,Berkeley,California,United States,2013-02-17 04:00:49 UTC,2016-12-07 20:58:10 UTC,,http://fallingfruit.org/imports/79,true,"{""Sugar maple""}"
31809,37.869023,-122.299914,false,[1x] Sugar Maple (Acer saccharum) @ 1833 4th St,,,,,,City of Berkeley,,Berkeley,California,United States,2013-02-17 04:00:49 UTC,2016-12-02 07:54:47 UTC,,http://fallingfruit.org/imports/79,true,"{""Sugar maple""}"
31810,37.872617,-122.301517,false,[1x] Sugar Maple (Acer saccharum) @ 1608 4th St,,,,,,City of Berkeley,,Berkeley,California,United States,2013-02-17 04:00:49 UTC,2016-12-08 10:13:19 UTC,,http://fallingfruit.org/imports/79,true,"{""Sugar maple""}"
31811,37.88282,-122.300179,false,[1x] Sugar Maple (Acer saccharum) @ 1150 8th St,,,,,,City of Berkeley,,Berkeley,California,United States,2013-02-17 04:00:49 UTC,2016-12-01 14:02:36 UTC,,http://fallingfruit.org/imports/79,true,"{""Sugar maple""}"
31812,37.876178,-122.298038,false,[1x] Sugar Maple (Acer saccharum) @ 1460 8th St,,,,,,City of Berkeley,,Berkeley,California,United States,2013-02-17 04:00:49 UTC,2016-12-07 19:55:19 UTC,,http://fallingfruit.org/imports/79,true,"{""Sugar maple""}"
31813,37.875393,-122.297644,false,[1x] Sugar Maple (Acer saccharum) @ 956 Jones St,,,,,,City of Berkeley,,Berkeley,California,United States,2013-02-17 04:00:49 UTC,2016-12-05 18:45:28 UTC,,http://fallingfruit.org/imports/79,true,"{""Sugar maple""}"
31814,37.87846,-122.299942,false,[1x] Sugar Maple (Acer saccharum) @ 1336 7th St,,,,,,City of Berkeley,,Berkeley,California,United States,2013-02-17 04:00:49 UTC,2016-12-03 00:21:36 UTC,,http://fallingfruit.org/imports/79,true,"{""Sugar maple""}"
31815,37.873327,-122.301627,false,[1x] Sugar Maple (Acer saccharum) @ 1609 4th St,,,,,,City of Berkeley,,Berkeley,California,United States,2013-02-17 04:00:49 UTC,2016-12-02 02:55:18 UTC,,http://fallingfruit.org/imports/79,true,"{""Sugar maple""}"
31816,37.882537,-122.300094,false,[1x] Sugar Maple (Acer saccharum) @ 1150 8th St,,,,,,City of Berkeley,,Berkeley,California,United States,2013-02-17 04:00:49 UTC,2016-12-03 06:29:21 UTC,,http://fallingfruit.org/imports/79,true,"{""Sugar maple""}"
31817,37.882728,-122.300148,false,[1x] Sugar Maple (Acer saccharum) @ 1150 8th St,,,,,,City of Berkeley,,Berkeley,California,United States,2013-02-17 04:00:49 UTC,2016-12-02 09:20:37 UTC,,http://fallingfruit.org/imports/79,true,"{""Sugar maple""}"
31818,37.876122,-122.298007,false,[1x] Sugar Maple (Acer saccharum) @ 1460 8th St,,,,,,City of Berkeley,,Berkeley,California,United States,2013-02-17 04:00:49 UTC,2016-12-07 02:19:21 UTC,,http://fallingfruit.org/imports/79,true,"{""Sugar maple""}"
31819,37.87625,-122.298043,false,[1x] Sugar Maple (Acer saccharum) @ 1460 8th St,,,,,,City of Berkeley,,Berkeley,California,United States,2013-02-17 04:00:49 UTC,2016-12-03 02:10:54 UTC,,http://fallingfruit.org/imports/79,true,"{""Sugar maple""}"
31820,37.869892,-122.296005,false,[1x] Sugar Maple (Acer saccharum) @ 919 Hearst Ave,,,,,,City of Berkeley,,Berkeley,California,United States,2013-02-17 04:00:49 UTC,2016-12-07 07:37:06 UTC,,http://fallingfruit.org/imports/79,true,"{""Sugar maple""}"
31821,37.882172,-122.299977,false,[1x] Sugar Maple (Acer saccharum) @ 1150 8th St,,,,,,City of Berkeley,,Berkeley,California,United States,2013-02-17 04:00:49 UTC,2016-12-05 23:47:02 UTC,,http://fallingfruit.org/imports/79,true,"{""Sugar maple""}"
31822,37.88236,-122.30002,false,[1x] Sugar Maple (Acer saccharum) @ 1150 8th St,,,,,,City of Berkeley,,Berkeley,California,United States,2013-02-17 04:00:49 UTC,2016-12-01 11:54:08 UTC,,http://fallingfruit.org/imports/79,true,"{""Sugar maple""}"
31823,37.876452,-122.298122,false,[1x] Sugar Maple (Acer saccharum) @ 1460 8th St,,,,,,City of Berkeley,,Berkeley,California,United States,2013-02-17 04:00:49 UTC,2016-12-03 21:48:05 UTC,,http://fallingfruit.org/imports/79,true,"{""Sugar maple""}"
31824,37.876856,-122.299433,false,[1x] Sugar Maple (Acer saccharum) @ 847 Page St,,,,,,City of Berkeley,,Berkeley,California,United States,2013-02-17 04:00:49 UTC,2016-12-08 17:42:24 UTC,,http://fallingfruit.org/imports/79,true,"{""Sugar maple""}"
31825,37.872105,-122.301357,false,[1x] Sugar Maple (Acer saccharum) @ 1608 4th St,,,,,,City of Berkeley,,Berkeley,California,United States,2013-02-17 04:00:49 UTC,2016-12-08 07:32:29 UTC,,http://fallingfruit.org/imports/79,true,"{""Sugar maple""}"
31826,37.873528,-122.30166,false,[1x] Sugar Maple (Acer saccharum) @ 1609 4th St,,,,,,City of Berkeley,,Berkeley,California,United States,2013-02-17 04:00:49 UTC,2016-12-08 14:29:18 UTC,,http://fallingfruit.org/imports/79,true,"{""Sugar maple""}"
31827,37.875587,-122.297849,false,[1x] Sugar Maple (Acer saccharum) @ 920 Jones St,,,,,,City of Berkeley,,Berkeley,California,United States,2013-02-17 04:00:49 UTC,2016-12-08 19:06:37 UTC,,http://fallingfruit.org/imports/79,true,"{""Sugar maple""}"
31828,37.877812,-122.298589,false,[1x] Sugar Maple (Acer saccharum) @ 1400 8th St,,,,,,City of Berkeley,,Berkeley,California,United States,2013-02-17 04:00:49 UTC,2016-12-06 22:24:15 UTC,,http://fallingfruit.org/imports/79,true,"{""Sugar maple""}"
31829,37.870044,-122.296078,false,[1x] Sugar Maple (Acer saccharum) @ 919 Hearst Ave,,,,,,City of Berkeley,,Berkeley,California,United States,2013-02-17 04:00:49 UTC,2016-12-01 09:50:03 UTC,,http://fallingfruit.org/imports/79,true,"{""Sugar maple""}"
31830,37.878146,-122.299832,false,[1x] Sugar Maple (Acer saccharum) @ 1336 7th St,,,,,,City of Berkeley,,Berkeley,California,United States,2013-02-17 04:00:49 UTC,2016-12-07 15:40:47 UTC,,http://fallingfruit.org/imports/79,true,"{""Sugar maple""}"
31831,37.872432,-122.301439,false,[1x] Sugar Maple (Acer saccharum) @ 1608 4th St,,,,,,City of Berkeley,,Berkeley,California,United States,2013-02-17 04:00:49 UTC,2016-12-01 05:08:01 UTC,,http://fallingfruit.org/imports/79,true,"{""Sugar maple""}"
31832,37.874322,-122.29611,false,[1x] Sugar Maple (Acer saccharum) @ 1607 9th St,,,,,,City of Berkeley,,Berkeley,California,United States,2013-02-17 04:00:49 UTC,2016-12-02 19:27:05 UTC,,http://fallingfruit.org/imports/79,true,"{""Sugar maple""}"
31833,37.881844,-122.299889,false,[1x] Sugar Maple (Acer saccharum) @ 1150 8th St,,,,,,City of Berkeley,,Berkeley,California,United States,2013-02-17 04:00:49 UTC,2016-12-08 09:32:04 UTC,,http://fallingfruit.org/imports/79,true,"{""Sugar maple""}"
31834,37.882636,-122.300129,false,[1x] Sugar Maple (Acer saccharum) @ 1150 8th St,,,,,,City of Berkeley,,Berkeley,California,United States,2013-02-17 04:00:49 UTC,2016-12-08 22:42:22 UTC,,http://fallingfruit.org/imports/79,true,"{""Sugar maple""}"
31835,37.876325,-122.298075,false,[1x] Sugar Maple (Acer saccharum) @ 1460 8th St,,,,,,City of Berkeley,,Berkeley,California,United States,2013-02-17 04:00:49 UTC,2016-12-08 02:38:20 UTC,,http://fallingfruit.org/imports/79,true,"{""Sugar maple""}"
31836,37.869949,-122.296035,false,[1x] Sugar Maple (Acer saccharum) @ 919 Hearst Ave,,,,,,City of Berkeley,,Berkeley,California,United States,2013-02-17 04:00:49 UTC,2016-12-06 17:47:08 UTC,,http://fallingfruit.org/imports/79,true,"{""Sugar maple""}"
31837,37.872806,-122.301562,false,[1x] Sugar Maple (Acer saccharum) @ 1608 4th St,,,,,,City of Berkeley,,Berkeley,California,United States,2013-02-17 04:00:49 UTC,2016-12-05 17:18:46 UTC,,http://fallingfruit.org/imports/79,true,"{""Sugar maple""}"
31838,37.882086,-122.299943,false,[1x] Sugar Maple (Acer saccharum) @ 1150 8th St,,,,,,City of Berkeley,,Berkeley,California,United States,2013-02-17 04:00:49 UTC,2016-12-07 07:58:23 UTC,,http://fallingfruit.org/imports/79,true,"{""Sugar maple""}"
31839,37.882274,-122.299986,false,[1x] Sugar Maple (Acer saccharum) @ 1150 8th St,,,,,,City of Berkeley,,Berkeley,California,United States,2013-02-17 04:00:49 UTC,2016-12-01 10:31:38 UTC,,http://fallingfruit.org/imports/79,true,"{""Sugar maple""}"
31840,37.87639,-122.298106,false,[1x] Sugar Maple (Acer saccharum) @ 1460 8th St,,,,,,City of Berkeley,,Berkeley,California,United States,2013-02-17 04:00:49 UTC,2016-12-02 23:59:17 UTC,,http://fallingfruit.org/imports/79,true,"{""Sugar maple""}"
31841,37.878299,-122.299885,false,[1x] Sugar Maple (Acer saccharum) @ 1336 7th St,,,,,,City of Berkeley,,Berkeley,California,United States,2013-02-17 04:00:49 UTC,2016-12-07 16:43:37 UTC,,http://fallingfruit.org/imports/79,true,"{""Sugar maple""}"
31842,37.873397,-122.301761,false,[1x] Sugar Maple (Acer saccharum) @ 1608 4th St,,,,,,City of Berkeley,,Berkeley,California,United States,2013-02-17 04:00:49 UTC,2016-12-08 06:28:49 UTC,,http://fallingfruit.org/imports/79,true,"{""Sugar maple""}"
31843,37.8699,-122.295859,false,[1x] Sugar Maple (Acer saccharum) @ 1825 8th St,,,,,,City of Berkeley,,Berkeley,California,United States,2013-02-17 04:00:49 UTC,2016-12-08 19:49:17 UTC,,http://fallingfruit.org/imports/79,true,"{""Sugar maple""}"
31844,37.873088,-122.301545,false,[1x] Sugar Maple (Acer saccharum) @ 1609 4th St,,,,,,City of Berkeley,,Berkeley,California,United States,2013-02-17 04:00:49 UTC,2016-12-07 23:48:45 UTC,,http://fallingfruit.org/imports/79,true,"{""Sugar maple""}"
31845,37.872213,-122.301369,false,[1x] Sugar Maple (Acer saccharum) @ 1608 4th St,,,,,,City of Berkeley,,Berkeley,California,United States,2013-02-17 04:00:49 UTC,2016-12-05 16:11:54 UTC,,http://fallingfruit.org/imports/79,true,"{""Sugar maple""}"
31846,37.861296,-122.264628,false,[1x] Sugar Maple (Acer saccharum) @ 2630 Fulton St,,,,,,City of Berkeley,,Berkeley,California,United States,2013-02-17 04:00:49 UTC,2016-12-07 20:15:59 UTC,,http://fallingfruit.org/imports/79,true,"{""Sugar maple""}"
31847,37.86004,-122.26439,false,[1x] Sugar Maple (Acer saccharum) @ 2716 Fulton St,,,,,,City of Berkeley,,Berkeley,California,United States,2013-02-17 04:00:49 UTC,2016-12-07 16:01:19 UTC,,http://fallingfruit.org/imports/79,true,"{""Sugar maple""}"
31848,37.861826,-122.267305,false,[1x] Sugar Maple (Acer saccharum) @ 2600 Shattuck Ave,,,,,,City of Berkeley,,Berkeley,California,United States,2013-02-17 04:00:49 UTC,2016-12-03 08:34:54 UTC,,http://fallingfruit.org/imports/79,true,"{""Sugar maple""}"
31849,37.857288,-122.279982,false,[1x] Sugar Maple (Acer saccharum) @ 2774 Sacramento St,,,,,,City of Berkeley,,Berkeley,California,United States,2013-02-17 04:00:49 UTC,2016-12-02 21:22:34 UTC,,http://fallingfruit.org/imports/79,true,"{""Sugar maple""}"
31850,37.855045,-122.279508,false,[1x] Sugar Maple (Acer saccharum) @ 2880 Sacramento St,,,,,,City of Berkeley,,Berkeley,California,United States,2013-02-17 04:00:49 UTC,2016-12-07 11:50:45 UTC,,http://fallingfruit.org/imports/79,true,"{""Sugar maple""}"
31851,37.856544,-122.285843,false,[1x] Sugar Maple (Acer saccharum) @ 2737 Mathews St,,,,,,City of Berkeley,,Berkeley,California,United States,2013-02-17 04:00:49 UTC,2016-12-07 17:02:12 UTC,,http://fallingfruit.org/imports/79,true,"{""Sugar maple""}"
31852,37.856671,-122.285873,false,[1x] Sugar Maple (Acer saccharum) @ 2735 Mathews St,,,,,,City of Berkeley,,Berkeley,California,United States,2013-02-17 04:00:49 UTC,2016-12-02 11:27:07 UTC,,http://fallingfruit.org/imports/79,true,"{""Sugar maple""}"
31853,37.853488,-122.28133,false,"[1x] Sugar Maple (Acer saccharum) @ 2935 Acton St

The young spring leaves of maple are edible. You can eat them raw or cooked.",March,April,false,,,City of Berkeley,"2935 Acton St, Berkeley, CA 94702, USA",Berkeley,California,United States,2013-02-17 04:00:49 UTC,2025-05-04 05:11:09 UTC,,http://fallingfruit.org/imports/79,true,"{""Sugar maple""}"
31854,37.861686,-122.28108,false,[1x] Sugar Maple (Acer saccharum) @ 2530 Sacramento St,,,,,,City of Berkeley,,Berkeley,California,United States,2013-02-17 04:00:49 UTC,2016-12-02 12:30:15 UTC,,http://fallingfruit.org/imports/79,true,"{""Sugar maple""}"
31855,37.861574,-122.281021,false,[1x] Sugar Maple (Acer saccharum) @ 2540 Sacramento St,,,,,,City of Berkeley,,Berkeley,California,United States,2013-02-17 04:00:49 UTC,2016-12-04 01:44:06 UTC,,http://fallingfruit.org/imports/79,true,"{""Sugar maple""}"
31856,37.859764,-122.280502,false,[1x] Sugar Maple (Acer saccharum) @ 2646 Sacramento St,,,,,,City of Berkeley,,Berkeley,California,United States,2013-02-17 04:00:49 UTC,2016-12-07 00:12:47 UTC,,http://fallingfruit.org/imports/79,true,"{""Sugar maple""}"
31857,37.859234,-122.280382,false,[1x] Sugar Maple (Acer saccharum) @ 2674 Sacramento St,,,,,,City of Berkeley,,Berkeley,California,United States,2013-02-17 04:00:49 UTC,2016-12-04 04:10:03 UTC,,http://fallingfruit.org/imports/79,true,"{""Sugar maple""}"
31858,37.874359,-122.264889,false,[1x] Sugar Maple (Acer saccharum) @ 2255 Hearst Ave,,,,,,City of Berkeley,,Berkeley,California,United States,2013-02-17 04:00:49 UTC,2016-12-06 01:12:11 UTC,,http://fallingfruit.org/imports/79,true,"{""Sugar maple""}"
31859,37.87441,-122.264963,false,[1x] Sugar Maple (Acer saccharum) @ 2255 Hearst Ave,,,,,,City of Berkeley,,Berkeley,California,United States,2013-02-17 04:00:49 UTC,2016-12-02 02:55:19 UTC,,http://fallingfruit.org/imports/79,true,"{""Sugar maple""}"
31860,37.877858,-122.298626,false,[1x] Sugar Maple (Acer saccharum) @ 1400 8th St,,,,,,City of Berkeley,,Berkeley,California,United States,2013-02-17 04:00:49 UTC,2016-12-09 15:22:48 UTC,,http://fallingfruit.org/imports/79,true,"{""Sugar maple""}"
31861,37.877892,-122.29865,false,[1x] Sugar Maple (Acer saccharum) @ 1400 8th St,,,,,,City of Berkeley,,Berkeley,California,United States,2013-02-17 04:00:49 UTC,2016-12-07 21:19:44 UTC,,http://fallingfruit.org/imports/79,true,"{""Sugar maple""}"
31862,37.875318,-122.297606,false,[1x] Sugar Maple (Acer saccharum) @ 1531 8th St,,,,,,City of Berkeley,,Berkeley,California,United States,2013-02-17 04:00:49 UTC,2016-12-09 01:56:38 UTC,,http://fallingfruit.org/imports/79,true,"{""Sugar maple""}"
31863,37.886518,-122.259411,false,[1x] Norfolk Island Pine (Araucaria heterophylla) @ 2727 Shasta Rd,,,,,,City of Berkeley,,Berkeley,California,United States,2013-02-17 04:00:49 UTC,2016-12-04 05:00:46 UTC,,http://fallingfruit.org/imports/79,true,"{""Norfolk island pine""}"
31864,37.886537,-122.259397,false,[1x] Norfolk Island Pine (Araucaria heterophylla) @ 2727 Shasta Rd,,,,,,City of Berkeley,,Berkeley,California,United States,2013-02-17 04:00:49 UTC,2016-12-05 13:58:45 UTC,,http://fallingfruit.org/imports/79,true,"{""Norfolk island pine""}"
31865,37.863133,-122.315504,false,[1x] Norfolk Island Pine (Araucaria heterophylla) @ Shorebird Park,,,,,,City of Berkeley,,Berkeley,California,United States,2013-02-17 04:00:49 UTC,2016-12-03 22:30:53 UTC,,http://fallingfruit.org/imports/79,true,"{""Norfolk island pine""}"
31866,37.900519,-122.273599,false,[1x] Norfolk Island Pine (Araucaria heterophylla) @ 512 Boynton Ave,,,,,,City of Berkeley,,Berkeley,California,United States,2013-02-17 04:00:49 UTC,2016-12-02 16:27:13 UTC,,http://fallingfruit.org/imports/79,true,"{""Norfolk island pine""}"
31867,37.900497,-122.273644,false,[1x] Norfolk Island Pine (Araucaria heterophylla) @ 512 Boynton Ave,,,,,,City of Berkeley,,Berkeley,California,United States,2013-02-17 04:00:49 UTC,2016-12-09 12:51:08 UTC,,http://fallingfruit.org/imports/79,true,"{""Norfolk island pine""}"
31868,37.865755,-122.256827,false,[1x] Norfolk Island Pine (Araucaria heterophylla) @ People's Park,,,,,,City of Berkeley,,Berkeley,California,United States,2013-02-17 04:00:49 UTC,2016-12-02 13:12:21 UTC,,http://fallingfruit.org/imports/79,true,"{""Norfolk island pine""}"
31869,37.8656,-122.257384,false,[1x] Norfolk Island Pine (Araucaria heterophylla) @ People's Park,,,,,,City of Berkeley,,Berkeley,California,United States,2013-02-17 04:00:49 UTC,2016-12-06 17:04:36 UTC,,http://fallingfruit.org/imports/79,true,"{""Norfolk island pine""}"
31870,37.894231,-122.278318,false,[1x] Norfolk Island Pine (Araucaria heterophylla) @ 1870 Tacoma Ave,,,,,,City of Berkeley,,Berkeley,California,United States,2013-02-17 04:00:49 UTC,2016-12-07 08:19:05 UTC,,http://fallingfruit.org/imports/79,true,"{""Norfolk island pine""}"
31871,37.852648,-122.264558,false,[1x] Norfolk Island Pine (Araucaria heterophylla) @ 2137 Woolsey St,,,,,,City of Berkeley,,Berkeley,California,United States,2013-02-17 04:00:49 UTC,2016-12-08 12:18:33 UTC,,http://fallingfruit.org/imports/79,true,"{""Norfolk island pine""}"
31872,37.858061,-122.275437,false,[1x] Norfolk Island Pine (Araucaria heterophylla) @ 1700 Ward St,,,,,,City of Berkeley,,Berkeley,California,United States,2013-02-17 04:00:49 UTC,2016-12-01 06:30:38 UTC,,http://fallingfruit.org/imports/79,true,"{""Norfolk island pine""}"
31873,37.861451,-122.27228,false,[1x] Norfolk Island Pine (Araucaria heterophylla) @ 2600 M L King Jr Way,,,,,,City of Berkeley,,Berkeley,California,United States,2013-02-17 04:00:49 UTC,2016-12-06 09:57:24 UTC,,http://fallingfruit.org/imports/79,true,"{""Norfolk island pine""}"
31874,37.863046,-122.276741,false,[1x] Norfolk Island Pine (Araucaria heterophylla) @ 2442 McGee Ave,,,,,,City of Berkeley,,Berkeley,California,United States,2013-02-17 04:00:49 UTC,2016-12-03 06:29:22 UTC,,http://fallingfruit.org/imports/79,true,"{""Norfolk island pine""}"
31875,37.89618,-122.254425,false,[1x] Pacific Madrone (Arbutus menziesii) @ 1016 Wildcat Canyon Rd,,,,,,City of Berkeley,,Berkeley,California,United States,2013-02-17 04:00:49 UTC,2016-12-03 08:34:55 UTC,,http://fallingfruit.org/imports/79,true,"{""Pacific madrone""}"
31876,37.89325,-122.250135,false,[1x] Pacific Madrone (Arbutus menziesii) @ 1020 Wildcat Canyon Rd,,,,,,City of Berkeley,,Berkeley,California,United States,2013-02-17 04:00:49 UTC,2016-12-01 05:28:11 UTC,,http://fallingfruit.org/imports/79,true,"{""Pacific madrone""}"
31877,37.896137,-122.253846,false,[1x] Pacific Madrone (Arbutus menziesii) @ 1020 Wildcat Canyon Rd,,,,,,City of Berkeley,,Berkeley,California,United States,2013-02-17 04:00:49 UTC,2016-12-03 09:58:31 UTC,,http://fallingfruit.org/imports/79,true,"{""Pacific madrone""}"
31878,37.895961,-122.25345,false,[1x] Pacific Madrone (Arbutus menziesii) @ 1020 Wildcat Canyon Rd,,,,,,City of Berkeley,,Berkeley,California,United States,2013-02-17 04:00:49 UTC,2016-12-02 12:10:38 UTC,,http://fallingfruit.org/imports/79,true,"{""Pacific madrone""}"
31879,37.893551,-122.250708,false,[1x] Pacific Madrone (Arbutus menziesii) @ 1020 Wildcat Canyon Rd,,,,,,City of Berkeley,,Berkeley,California,United States,2013-02-17 04:00:49 UTC,2016-12-03 00:21:37 UTC,,http://fallingfruit.org/imports/79,true,"{""Pacific madrone""}"
31880,37.895958,-122.253409,false,[1x] Pacific Madrone (Arbutus menziesii) @ 1020 Wildcat Canyon Rd,,,,,,City of Berkeley,,Berkeley,California,United States,2013-02-17 04:00:49 UTC,2016-12-06 10:40:26 UTC,,http://fallingfruit.org/imports/79,true,"{""Pacific madrone""}"
31881,37.896134,-122.253886,false,[1x] Pacific Madrone (Arbutus menziesii) @ 1020 Wildcat Canyon Rd,,,,,,City of Berkeley,,Berkeley,California,United States,2013-02-17 04:00:49 UTC,2016-12-03 08:53:19 UTC,,http://fallingfruit.org/imports/79,true,"{""Pacific madrone""}"
31882,37.882981,-122.250848,false,[1x] Pacific Madrone (Arbutus menziesii) @ 9 Harvard Cir,,,,,,City of Berkeley,,Berkeley,California,United States,2013-02-17 04:00:49 UTC,2016-12-03 21:26:44 UTC,,http://fallingfruit.org/imports/79,true,"{""Pacific madrone""}"
31883,37.875852,-122.287329,false,[1x] Pacific Madrone (Arbutus menziesii) @ Cedar-rose Park,,,,,,City of Berkeley,,Berkeley,California,United States,2013-02-17 04:00:50 UTC,2016-12-02 23:15:50 UTC,,http://fallingfruit.org/imports/79,true,"{""Pacific madrone""}"
31884,37.875774,-122.287286,false,[1x] Pacific Madrone (Arbutus menziesii) @ Cedar-rose Park,,,,,,City of Berkeley,,Berkeley,California,United States,2013-02-17 04:00:50 UTC,2016-12-05 16:34:11 UTC,,http://fallingfruit.org/imports/79,true,"{""Pacific madrone""}"
31885,37.85615,-122.255187,false,[1x] Pacific Madrone (Arbutus menziesii) @ 2958 Hillegass Ave,,,,,,City of Berkeley,,Berkeley,California,United States,2013-02-17 04:00:50 UTC,2016-12-09 14:17:51 UTC,,http://fallingfruit.org/imports/79,true,"{""Pacific madrone""}"
31886,37.856117,-122.255152,false,[1x] Pacific Madrone (Arbutus menziesii) @ 2958 Hillegass Ave,,,,,,City of Berkeley,,Berkeley,California,United States,2013-02-17 04:00:50 UTC,2016-12-05 10:24:30 UTC,,http://fallingfruit.org/imports/79,true,"{""Pacific madrone""}"
31887,37.856077,-122.255125,false,[1x] Pacific Madrone (Arbutus menziesii) @ 2958 Hillegass Ave,,,,,,City of Berkeley,,Berkeley,California,United States,2013-02-17 04:00:50 UTC,2016-12-09 13:12:28 UTC,,http://fallingfruit.org/imports/79,true,"{""Pacific madrone""}"
31888,37.896177,-122.254497,false,[1x] Pacific Madrone (Arbutus menziesii) @ 1016 Wildcat Canyon Rd,,,,,,City of Berkeley,,Berkeley,California,United States,2013-02-17 04:00:50 UTC,2016-12-01 09:08:30 UTC,,http://fallingfruit.org/imports/79,true,"{""Pacific madrone""}"
31889,37.866396,-122.251641,false,[1x] Strawberry Tree (Arbutus unedo) @ 2427 Piedmont Ave,,,,,,City of Berkeley,,Berkeley,California,United States,2013-02-17 04:00:50 UTC,2016-12-08 08:32:34 UTC,,http://fallingfruit.org/imports/79,true,"{""Strawberry tree""}"
31890,37.88361,-122.251197,false,[1x] Strawberry Tree (Arbutus unedo) @ 41 Avenida Dr,,,,,,City of Berkeley,,Berkeley,California,United States,2013-02-17 04:00:50 UTC,2016-12-07 00:54:03 UTC,,http://fallingfruit.org/imports/79,true,"{""Strawberry tree""}"
31891,37.88359,-122.251253,false,[1x] Strawberry Tree (Arbutus unedo) @ 41 Avenida Dr,,,,,,City of Berkeley,,Berkeley,California,United States,2013-02-17 04:00:50 UTC,2016-12-07 11:50:46 UTC,,http://fallingfruit.org/imports/79,true,"{""Strawberry tree""}"
31892,37.888075,-122.255091,false,[1x] Strawberry Tree (Arbutus unedo) @ 2846 Shasta Rd,,,,,,City of Berkeley,,Berkeley,California,United States,2013-02-17 04:00:50 UTC,2016-12-05 15:05:40 UTC,,http://fallingfruit.org/imports/79,true,"{""Strawberry tree""}"
31893,37.881629,-122.24742,false,[1x] Strawberry Tree (Arbutus unedo) @ 1520 Summit Rd,,,,,,City of Berkeley,,Berkeley,California,United States,2013-02-17 04:00:50 UTC,2016-12-06 23:09:06 UTC,,http://fallingfruit.org/imports/79,true,"{""Strawberry tree""}"
31894,37.889925,-122.252591,false,[1x] Strawberry Tree (Arbutus unedo) @ 1192 Grizzly Peak Blvd,,,,,,City of Berkeley,,Berkeley,California,United States,2013-02-17 04:00:50 UTC,2016-12-07 21:41:06 UTC,,http://fallingfruit.org/imports/79,true,"{""Strawberry tree""}"
31895,37.883594,-122.251319,false,[1x] Strawberry Tree (Arbutus unedo) @ 41 Avenida Dr,,,,,,City of Berkeley,,Berkeley,California,United States,2013-02-17 04:00:50 UTC,2016-12-03 09:35:50 UTC,,http://fallingfruit.org/imports/79,true,"{""Strawberry tree""}"
31896,37.883602,-122.251276,false,[1x] Strawberry Tree (Arbutus unedo) @ 41 Avenida Dr,,,,,,City of Berkeley,,Berkeley,California,United States,2013-02-17 04:00:50 UTC,2016-12-02 11:06:08 UTC,,http://fallingfruit.org/imports/79,true,"{""Strawberry tree""}"
31897,37.889926,-122.252609,false,[1x] Strawberry Tree (Arbutus unedo) @ 1192 Grizzly Peak Blvd,,,,,,City of Berkeley,,Berkeley,California,United States,2013-02-17 04:00:50 UTC,2016-12-01 21:58:23 UTC,,http://fallingfruit.org/imports/79,true,"{""Strawberry tree""}"
31898,37.889932,-122.252559,false,[1x] Strawberry Tree (Arbutus unedo) @ 1192 Grizzly Peak Blvd,,,,,,City of Berkeley,,Berkeley,California,United States,2013-02-17 04:00:50 UTC,2016-12-08 01:55:22 UTC,,http://fallingfruit.org/imports/79,true,"{""Strawberry tree""}"
31899,37.894333,-122.25685,false,[1x] Strawberry Tree (Arbutus unedo) @ 1010 Overlook Rd,,,,,,City of Berkeley,,Berkeley,California,United States,2013-02-17 04:00:50 UTC,2016-12-03 04:58:31 UTC,,http://fallingfruit.org/imports/79,true,"{""Strawberry tree""}"
31900,37.888081,-122.255149,false,[1x] Strawberry Tree (Arbutus unedo) @ 2846 Shasta Rd,,,,,,City of Berkeley,,Berkeley,California,United States,2013-02-17 04:00:50 UTC,2016-12-06 13:06:22 UTC,,http://fallingfruit.org/imports/79,true,"{""Strawberry tree""}"
31901,37.881404,-122.253326,false,[1x] Strawberry Tree (Arbutus unedo) @ 88 Parnassus Rd,,,,,,City of Berkeley,,Berkeley,California,United States,2013-02-17 04:00:50 UTC,2016-12-02 17:32:30 UTC,,http://fallingfruit.org/imports/79,true,"{""Strawberry tree""}"
31902,37.888078,-122.255105,false,[1x] Strawberry Tree (Arbutus unedo) @ 2846 Shasta Rd,,,,,,City of Berkeley,,Berkeley,California,United States,2013-02-17 04:00:50 UTC,2016-12-08 06:28:50 UTC,,http://fallingfruit.org/imports/79,true,"{""Strawberry tree""}"
31903,37.89194,-122.257615,false,[1x] Strawberry Tree (Arbutus unedo) @ 1095 Miller Ave,,,,,,City of Berkeley,,Berkeley,California,United States,2013-02-17 04:00:50 UTC,2016-12-08 01:55:23 UTC,,http://fallingfruit.org/imports/79,true,"{""Strawberry tree""}"
31904,37.888078,-122.255135,false,[1x] Strawberry Tree (Arbutus unedo) @ 2846 Shasta Rd,,,,,,City of Berkeley,,Berkeley,California,United States,2013-02-17 04:00:50 UTC,2016-12-07 07:37:07 UTC,,http://fallingfruit.org/imports/79,true,"{""Strawberry tree""}"
31905,37.888062,-122.25505,false,[1x] Strawberry Tree (Arbutus unedo) @ 2846 Shasta Rd,,,,,,City of Berkeley,,Berkeley,California,United States,2013-02-17 04:00:50 UTC,2016-12-03 09:14:21 UTC,,http://fallingfruit.org/imports/79,true,"{""Strawberry tree""}"
31906,37.850883,-122.296074,false,[1x] Strawberry Tree (Arbutus unedo) @ Aquatic Park,,,,,,City of Berkeley,,Berkeley,California,United States,2013-02-17 04:00:50 UTC,2016-12-01 13:41:20 UTC,,http://fallingfruit.org/imports/79,true,"{""Strawberry tree""}"
31907,37.899088,-122.258801,false,[1x] Strawberry Tree (Arbutus unedo) @ 734 Wildcat Canyon Rd,,,,,,City of Berkeley,,Berkeley,California,United States,2013-02-17 04:00:50 UTC,2016-12-06 05:05:38 UTC,,http://fallingfruit.org/imports/79,true,"{""Strawberry tree""}"
31908,37.85086,-122.296046,false,[1x] Strawberry Tree (Arbutus unedo) @ Aquatic Park,,,,,,City of Berkeley,,Berkeley,California,United States,2013-02-17 04:00:50 UTC,2016-12-06 20:58:39 UTC,,http://fallingfruit.org/imports/79,true,"{""Strawberry tree""}"
31909,37.85089,-122.296094,false,[1x] Strawberry Tree (Arbutus unedo) @ Aquatic Park,,,,,,City of Berkeley,,Berkeley,California,United States,2013-02-17 04:00:50 UTC,2016-12-07 12:11:54 UTC,,http://fallingfruit.org/imports/79,true,"{""Strawberry tree""}"
31910,37.894765,-122.273702,false,[1x] Strawberry Tree (Arbutus unedo) @ John Hinkel Park,,,,,,City of Berkeley,,Berkeley,California,United States,2013-02-17 04:00:50 UTC,2016-12-07 17:23:16 UTC,,http://fallingfruit.org/imports/79,true,"{""Strawberry tree""}"
31911,37.898556,-122.262053,false,[1x] Strawberry Tree (Arbutus unedo) @ 798 Creston Rd,,,,,,City of Berkeley,,Berkeley,California,United States,2013-02-17 04:00:50 UTC,2016-12-06 22:24:16 UTC,,http://fallingfruit.org/imports/79,true,"{""Strawberry tree""}"
31912,37.850945,-122.296063,false,[1x] Strawberry Tree (Arbutus unedo) @ Aquatic Park,,,,,,City of Berkeley,,Berkeley,California,United States,2013-02-17 04:00:50 UTC,2016-12-01 22:21:56 UTC,,http://fallingfruit.org/imports/79,true,"{""Strawberry tree""}"
31914,37.898572,-122.262071,false,[1x] Strawberry Tree (Arbutus unedo) @ 798 Creston Rd,,,,,,City of Berkeley,,Berkeley,California,United States,2013-02-17 04:00:50 UTC,2016-12-05 18:45:29 UTC,,http://fallingfruit.org/imports/79,true,"{""Strawberry tree""}"
31915,37.85091,-122.296068,false,"[1x] Strawberry Tree (Arbutus unedo) @ Aquatic Park

They are best picked when the skins of the berries are very red and they are a bit soft to the touch.

The berries are ready for harvest when very mature, which is to say very red and slightly giving to the touch.",August,November,false,,,City of Berkeley,"2925-2945 Bolivar Dr, Berkeley, CA 94710, USA",Berkeley,California,United States,2013-02-17 04:00:50 UTC,2025-05-04 05:11:08 UTC,,http://fallingfruit.org/imports/79,true,"{""Strawberry tree""}"
31916,37.884743,-122.256402,false,[1x] Strawberry Tree (Arbutus unedo) @ Glendale-laloma Pk,,,,,,City of Berkeley,,Berkeley,California,United States,2013-02-17 04:00:50 UTC,2016-12-03 03:15:39 UTC,,http://fallingfruit.org/imports/79,true,"{""Strawberry tree""}"
31917,37.885681,-122.255303,false,[1x] Strawberry Tree (Arbutus unedo) @ Glendale-laloma Pk,,,,,,City of Berkeley,,Berkeley,California,United States,2013-02-17 04:00:50 UTC,2016-12-06 16:41:08 UTC,,http://fallingfruit.org/imports/79,true,"{""Strawberry tree""}"
31918,37.884739,-122.256148,false,[1x] Strawberry Tree (Arbutus unedo) @ Glendale-laloma Pk,,,,,,City of Berkeley,,Berkeley,California,United States,2013-02-17 04:00:50 UTC,2016-12-01 09:29:47 UTC,,http://fallingfruit.org/imports/79,true,"{""Strawberry tree""}"
31919,37.885652,-122.25521,false,[1x] Strawberry Tree (Arbutus unedo) @ Glendale-laloma Pk,,,,,,City of Berkeley,,Berkeley,California,United States,2013-02-17 04:00:50 UTC,2016-12-07 04:25:55 UTC,,http://fallingfruit.org/imports/79,true,"{""Strawberry tree""}"
31920,37.885645,-122.255608,false,[1x] Strawberry Tree (Arbutus unedo) @ Glendale-laloma Pk,,,,,,City of Berkeley,,Berkeley,California,United States,2013-02-17 04:00:50 UTC,2016-12-07 14:18:37 UTC,,http://fallingfruit.org/imports/79,true,"{""Strawberry tree""}"
31921,37.884756,-122.256382,false,[1x] Strawberry Tree (Arbutus unedo) @ Glendale-laloma Pk,,,,,,City of Berkeley,,Berkeley,California,United States,2013-02-17 04:00:50 UTC,2016-12-06 20:38:05 UTC,,http://fallingfruit.org/imports/79,true,"{""Strawberry tree""}"
31922,37.884722,-122.256171,false,[1x] Strawberry Tree (Arbutus unedo) @ Glendale-laloma Pk,,,,,,City of Berkeley,,Berkeley,California,United States,2013-02-17 04:00:50 UTC,2016-12-06 00:51:00 UTC,,http://fallingfruit.org/imports/79,true,"{""Strawberry tree""}"
31923,37.885659,-122.255231,false,[1x] Strawberry Tree (Arbutus unedo) @ Glendale-laloma Pk,,,,,,City of Berkeley,,Berkeley,California,United States,2013-02-17 04:00:50 UTC,2016-12-01 10:52:13 UTC,,http://fallingfruit.org/imports/79,true,"{""Strawberry tree""}"
31924,37.884754,-122.256441,false,[1x] Strawberry Tree (Arbutus unedo) @ Glendale-laloma Pk,,,,,,City of Berkeley,,Berkeley,California,United States,2013-02-17 04:00:50 UTC,2016-12-08 21:15:32 UTC,,http://fallingfruit.org/imports/79,true,"{""Strawberry tree""}"
31925,37.885725,-122.255328,false,[1x] Strawberry Tree (Arbutus unedo) @ Glendale-laloma Pk,,,,,,City of Berkeley,,Berkeley,California,United States,2013-02-17 04:00:50 UTC,2016-12-07 22:23:48 UTC,,http://fallingfruit.org/imports/79,true,"{""Strawberry tree""}"
31926,37.88551,-122.255827,false,[1x] Strawberry Tree (Arbutus unedo) @ Glendale-laloma Pk,,,,,,City of Berkeley,,Berkeley,California,United States,2013-02-17 04:00:50 UTC,2016-12-01 17:24:08 UTC,,http://fallingfruit.org/imports/79,true,"{""Strawberry tree""}"
31927,37.886417,-122.26265,false,[1x] Strawberry Tree (Arbutus unedo) @ Berkeley Rose Grdn,,,,,,City of Berkeley,,Berkeley,California,United States,2013-02-17 04:00:50 UTC,2016-12-08 19:49:18 UTC,,http://fallingfruit.org/imports/79,true,"{""Strawberry tree""}"
31928,37.886463,-122.262668,false,[1x] Strawberry Tree (Arbutus unedo) @ Berkeley Rose Grdn,,,,,,City of Berkeley,,Berkeley,California,United States,2013-02-17 04:00:50 UTC,2016-12-06 12:24:03 UTC,,http://fallingfruit.org/imports/79,true,"{""Strawberry tree""}"
31929,37.896368,-122.285389,false,[1x] Strawberry Tree (Arbutus unedo) @ 600 Colusa Ave,,,,,,City of Berkeley,,Berkeley,California,United States,2013-02-17 04:00:50 UTC,2016-12-08 10:56:00 UTC,,http://fallingfruit.org/imports/79,true,"{""Strawberry tree""}"
31930,37.873346,-122.275294,false,[1x] Strawberry Tree (Arbutus unedo) @ Ohlone Park,,,,,,City of Berkeley,,Berkeley,California,United States,2013-02-17 04:00:50 UTC,2016-12-07 18:50:03 UTC,,http://fallingfruit.org/imports/79,true,"{""Strawberry tree""}"
31931,37.873027,-122.278554,false,[1x] Strawberry Tree (Arbutus unedo) @ Ohlone Park,,,,,,City of Berkeley,,Berkeley,California,United States,2013-02-17 04:00:50 UTC,2016-12-05 13:58:47 UTC,,http://fallingfruit.org/imports/79,true,"{""Strawberry tree""}"
31932,37.872771,-122.279861,false,[1x] Strawberry Tree (Arbutus unedo) @ Ohlone Park,,,,,,City of Berkeley,,Berkeley,California,United States,2013-02-17 04:00:50 UTC,2016-12-03 03:35:28 UTC,,http://fallingfruit.org/imports/79,true,"{""Strawberry tree""}"
31933,37.855802,-122.235053,false,[1x] Strawberry Tree (Arbutus unedo) @ 84 Vicente Rd,,,,,,City of Berkeley,,Berkeley,California,United States,2013-02-17 04:00:50 UTC,2016-12-08 21:58:05 UTC,,http://fallingfruit.org/imports/79,true,"{""Strawberry tree""}"
31934,37.85589,-122.234989,false,[1x] Strawberry Tree (Arbutus unedo) @ 84 Vicente Rd,,,,,,City of Berkeley,,Berkeley,California,United States,2013-02-17 04:00:50 UTC,2016-12-02 01:00:01 UTC,,http://fallingfruit.org/imports/79,true,"{""Strawberry tree""}"
31935,37.855988,-122.234891,false,[1x] Strawberry Tree (Arbutus unedo) @ 84 Vicente Rd,,,,,,City of Berkeley,,Berkeley,California,United States,2013-02-17 04:00:50 UTC,2016-12-07 22:23:49 UTC,,http://fallingfruit.org/imports/79,true,"{""Strawberry tree""}"
31936,37.860922,-122.256887,false,[1x] Strawberry Tree (Arbutus unedo) @ Willard Park,,,,,,City of Berkeley,,Berkeley,California,United States,2013-02-17 04:00:50 UTC,2016-12-06 02:16:04 UTC,,http://fallingfruit.org/imports/79,true,"{""Strawberry tree""}"
31937,37.860724,-122.25682,false,[1x] Strawberry Tree (Arbutus unedo) @ Willard Park,,,,,,City of Berkeley,,Berkeley,California,United States,2013-02-17 04:00:50 UTC,2016-12-06 12:24:04 UTC,,http://fallingfruit.org/imports/79,true,"{""Strawberry tree""}"
31938,37.860952,-122.256882,false,[1x] Strawberry Tree (Arbutus unedo) @ Willard Park,,,,,,City of Berkeley,,Berkeley,California,United States,2013-02-17 04:00:50 UTC,2016-12-02 15:22:41 UTC,,http://fallingfruit.org/imports/79,true,"{""Strawberry tree""}"
31939,37.860976,-122.256893,false,[1x] Strawberry Tree (Arbutus unedo) @ Willard Park,,,,,,City of Berkeley,,Berkeley,California,United States,2013-02-17 04:00:50 UTC,2016-12-02 04:44:56 UTC,,http://fallingfruit.org/imports/79,true,"{""Strawberry tree""}"
31940,37.8655,-122.256484,false,[1x] Strawberry Tree (Arbutus unedo) @ People's Park,,,,,,City of Berkeley,,Berkeley,California,United States,2013-02-17 04:00:50 UTC,2016-12-07 18:06:01 UTC,,http://fallingfruit.org/imports/79,true,"{""Strawberry tree""}"
31941,37.896373,-122.285144,false,[1x] Strawberry Tree (Arbutus unedo) @ 600 Colusa Ave,,,,,,City of Berkeley,,Berkeley,California,United States,2013-02-17 04:00:50 UTC,2016-12-03 06:08:50 UTC,,http://fallingfruit.org/imports/79,true,"{""Strawberry tree""}"
31942,37.873566,-122.274582,false,[1x] Strawberry Tree (Arbutus unedo) @ Ohlone Park,,,,,,City of Berkeley,,Berkeley,California,United States,2013-02-17 04:00:50 UTC,2016-12-06 11:01:12 UTC,,http://fallingfruit.org/imports/79,true,"{""Strawberry tree""}"
31943,37.86076,-122.256858,false,[1x] Strawberry Tree (Arbutus unedo) @ Willard Park,,,,,,City of Berkeley,,Berkeley,California,United States,2013-02-17 04:00:50 UTC,2016-12-03 16:30:47 UTC,,http://fallingfruit.org/imports/79,true,"{""Strawberry tree""}"
31944,37.860609,-122.256643,false,[1x] Strawberry Tree (Arbutus unedo) @ Willard Park,,,,,,City of Berkeley,,Berkeley,California,United States,2013-02-17 04:00:50 UTC,2016-12-03 01:26:33 UTC,,http://fallingfruit.org/imports/79,true,"{""Strawberry tree""}"
31945,37.873525,-122.274916,false,[1x] Strawberry Tree (Arbutus unedo) @ Ohlone Park,,,,,,City of Berkeley,,Berkeley,California,United States,2013-02-17 04:00:50 UTC,2016-12-02 12:51:30 UTC,,http://fallingfruit.org/imports/79,true,"{""Strawberry tree""}"
31946,37.873582999999996,-122.274512,false,[1x] Strawberry Tree (Arbutus unedo) @ Ohlone Park,,,,,,City of Berkeley,,Berkeley,California,United States,2013-02-17 04:00:50 UTC,2016-12-06 12:02:40 UTC,,http://fallingfruit.org/imports/79,true,"{""Strawberry tree""}"
31947,37.873653,-122.273844,false,[1x] Strawberry Tree (Arbutus unedo) @ Ohlone Park,,,,,,City of Berkeley,,Berkeley,California,United States,2013-02-17 04:00:50 UTC,2016-12-03 03:35:29 UTC,,http://fallingfruit.org/imports/79,true,"{""Strawberry tree""}"
31948,37.896436,-122.285387,false,[1x] Strawberry Tree (Arbutus unedo) @ 600 Colusa Ave,,,,,,City of Berkeley,,Berkeley,California,United States,2013-02-17 04:00:50 UTC,2016-12-05 07:16:48 UTC,,http://fallingfruit.org/imports/79,true,"{""Strawberry tree""}"
31949,37.87323,-122.275443,false,[1x] Strawberry Tree (Arbutus unedo) @ Ohlone Park,,,,,,City of Berkeley,,Berkeley,California,United States,2013-02-17 04:00:50 UTC,2016-12-03 13:25:34 UTC,,http://fallingfruit.org/imports/79,true,"{""Strawberry tree""}"
31950,37.872925,-122.279426,false,[1x] Strawberry Tree (Arbutus unedo) @ Ohlone Park,,,,,,City of Berkeley,,Berkeley,California,United States,2013-02-17 04:00:50 UTC,2016-12-07 17:02:14 UTC,,http://fallingfruit.org/imports/79,true,"{""Strawberry tree""}"
31951,37.873029,-122.27863,false,[1x] Strawberry Tree (Arbutus unedo) @ Ohlone Park,,,,,,City of Berkeley,,Berkeley,California,United States,2013-02-17 04:00:50 UTC,2016-12-03 20:43:50 UTC,,http://fallingfruit.org/imports/79,true,"{""Strawberry tree""}"
31952,37.872584,-122.279777,false,[1x] Strawberry Tree (Arbutus unedo) @ Ohlone Park,,,,,,City of Berkeley,,Berkeley,California,United States,2013-02-17 04:00:50 UTC,2016-12-01 23:06:47 UTC,,http://fallingfruit.org/imports/79,true,"{""Strawberry tree""}"
31953,37.872745,-122.279864,false,[1x] Strawberry Tree (Arbutus unedo) @ Ohlone Park,,,,,,City of Berkeley,,Berkeley,California,United States,2013-02-17 04:00:50 UTC,2016-12-01 22:21:57 UTC,,http://fallingfruit.org/imports/79,true,"{""Strawberry tree""}"
31954,37.873229,-122.275347,false,[1x] Strawberry Tree (Arbutus unedo) @ Ohlone Park,,,,,,City of Berkeley,,Berkeley,California,United States,2013-02-17 04:00:50 UTC,2016-12-04 01:44:07 UTC,,http://fallingfruit.org/imports/79,true,"{""Strawberry tree""}"
31955,37.873158,-122.275305,false,[1x] Strawberry Tree (Arbutus unedo) @ Ohlone Park,,,,,,City of Berkeley,,Berkeley,California,United States,2013-02-17 04:00:50 UTC,2016-12-06 00:29:03 UTC,,http://fallingfruit.org/imports/79,true,"{""Strawberry tree""}"
31956,37.873585,-122.274428,false,[1x] Strawberry Tree (Arbutus unedo) @ Ohlone Park,,,,,,City of Berkeley,,Berkeley,California,United States,2013-02-17 04:00:50 UTC,2016-12-03 19:40:55 UTC,,http://fallingfruit.org/imports/79,true,"{""Strawberry tree""}"
31957,37.87273,-122.278749,false,[1x] Strawberry Tree (Arbutus unedo) @ Ohlone Park,,,,,,City of Berkeley,,Berkeley,California,United States,2013-02-17 04:00:50 UTC,2016-12-02 18:16:24 UTC,,http://fallingfruit.org/imports/79,true,"{""Strawberry tree""}"
31958,37.872704,-122.278812,false,[1x] Strawberry Tree (Arbutus unedo) @ Ohlone Park,,,,,,City of Berkeley,,Berkeley,California,United States,2013-02-17 04:00:50 UTC,2016-12-08 00:10:13 UTC,,http://fallingfruit.org/imports/79,true,"{""Strawberry tree""}"
31959,37.872562,-122.279705,false,[1x] Strawberry Tree (Arbutus unedo) @ Ohlone Park,,,,,,City of Berkeley,,Berkeley,California,United States,2013-02-17 04:00:50 UTC,2016-12-01 12:37:25 UTC,,http://fallingfruit.org/imports/79,true,"{""Strawberry tree""}"
31960,37.872974,-122.278964,false,[1x] Strawberry Tree (Arbutus unedo) @ Ohlone Park,,,,,,City of Berkeley,,Berkeley,California,United States,2013-02-17 04:00:50 UTC,2016-12-06 18:28:35 UTC,,http://fallingfruit.org/imports/79,true,"{""Strawberry tree""}"
31961,37.872966,-122.278856,false,[1x] Strawberry Tree (Arbutus unedo) @ Ohlone Park,,,,,,City of Berkeley,,Berkeley,California,United States,2013-02-17 04:00:50 UTC,2016-12-03 03:15:40 UTC,,http://fallingfruit.org/imports/79,true,"{""Strawberry tree""}"
31962,37.872652,-122.279829,false,[1x] Strawberry Tree (Arbutus unedo) @ Ohlone Park,,,,,,City of Berkeley,,Berkeley,California,United States,2013-02-17 04:00:50 UTC,2016-12-03 21:04:53 UTC,,http://fallingfruit.org/imports/79,true,"{""Strawberry tree""}"
31963,37.87269,-122.279851,false,[1x] Strawberry Tree (Arbutus unedo) @ Ohlone Park,,,,,,City of Berkeley,,Berkeley,California,United States,2013-02-17 04:00:50 UTC,2016-12-05 19:28:51 UTC,,http://fallingfruit.org/imports/79,true,"{""Strawberry tree""}"
31964,37.855838,-122.235033,false,[1x] Strawberry Tree (Arbutus unedo) @ 84 Vicente Rd,,,,,,City of Berkeley,,Berkeley,California,United States,2013-02-17 04:00:50 UTC,2016-12-02 09:20:38 UTC,,http://fallingfruit.org/imports/79,true,"{""Strawberry tree""}"
31965,37.872949,-122.278997,false,[1x] Strawberry Tree (Arbutus unedo) @ Ohlone Park,,,,,,City of Berkeley,,Berkeley,California,United States,2013-02-17 04:00:50 UTC,2016-12-02 11:27:08 UTC,,http://fallingfruit.org/imports/79,true,"{""Strawberry tree""}"
31966,37.872887,-122.27897,false,[1x] Strawberry Tree (Arbutus unedo) @ Ohlone Park,,,,,,City of Berkeley,,Berkeley,California,United States,2013-02-17 04:00:50 UTC,2016-12-02 09:24:39 UTC,,http://fallingfruit.org/imports/79,true,"{""Strawberry tree""}"
31967,37.872831,-122.278955,false,[1x] Strawberry Tree (Arbutus unedo) @ Ohlone Park,,,,,,City of Berkeley,,Berkeley,California,United States,2013-02-17 04:00:50 UTC,2016-12-07 14:18:38 UTC,,http://fallingfruit.org/imports/79,true,"{""Strawberry tree""}"
31968,37.873058,-122.278429,false,[1x] Strawberry Tree (Arbutus unedo) @ Ohlone Park,,,,,,City of Berkeley,,Berkeley,California,United States,2013-02-17 04:00:50 UTC,2016-12-07 03:01:40 UTC,,http://fallingfruit.org/imports/79,true,"{""Strawberry tree""}"
31969,37.872568,-122.279543,false,[1x] Strawberry Tree (Arbutus unedo) @ Ohlone Park,,,,,,City of Berkeley,,Berkeley,California,United States,2013-02-17 04:00:50 UTC,2016-12-02 01:00:02 UTC,,http://fallingfruit.org/imports/79,true,"{""Strawberry tree""}"
31970,37.855968,-122.234915,false,[1x] Strawberry Tree (Arbutus unedo) @ 84 Vicente Rd,,,,,,City of Berkeley,,Berkeley,California,United States,2013-02-17 04:00:50 UTC,2016-12-02 17:32:31 UTC,,http://fallingfruit.org/imports/79,true,"{""Strawberry tree""}"
31971,37.856008,-122.23487,false,[1x] Strawberry Tree (Arbutus unedo) @ 84 Vicente Rd,,,,,,City of Berkeley,,Berkeley,California,United States,2013-02-17 04:00:50 UTC,2016-12-07 17:02:15 UTC,,http://fallingfruit.org/imports/79,true,"{""Strawberry tree""}"
31972,37.856086,-122.234791,false,[1x] Strawberry Tree (Arbutus unedo) @ 84 Vicente Rd,,,,,,City of Berkeley,,Berkeley,California,United States,2013-02-17 04:00:50 UTC,2016-12-06 01:12:12 UTC,,http://fallingfruit.org/imports/79,true,"{""Strawberry tree""}"
31973,37.852623,-122.264007,false,[1x] Strawberry Tree (Arbutus unedo) @ 2146 Woolsey St,,,,,,City of Berkeley,,Berkeley,California,United States,2013-02-17 04:00:50 UTC,2016-12-02 04:02:59 UTC,,http://fallingfruit.org/imports/79,true,"{""Strawberry tree""}"
31974,37.852629,-122.263972,false,[1x] Strawberry Tree (Arbutus unedo) @ 2146 Woolsey St,,,,,,City of Berkeley,,Berkeley,California,United States,2013-02-17 04:00:50 UTC,2016-12-03 14:47:44 UTC,,http://fallingfruit.org/imports/79,true,"{""Strawberry tree""}"
31975,37.880761,-122.286533,false,[1x] Strawberry Tree (Arbutus unedo) @ 1377 Gilman St,,,,,,City of Berkeley,,Berkeley,California,United States,2013-02-17 04:00:50 UTC,2016-12-02 07:54:48 UTC,,http://fallingfruit.org/imports/79,true,"{""Strawberry tree""}"
31976,37.880905,-122.286521,false,[1x] Strawberry Tree (Arbutus unedo) @ 1377 Gilman St,,,,,,City of Berkeley,,Berkeley,California,United States,2013-02-17 04:00:50 UTC,2016-12-01 15:30:38 UTC,,http://fallingfruit.org/imports/79,true,"{""Strawberry tree""}"
31977,37.880724,-122.286407,false,[1x] Strawberry Tree (Arbutus unedo) @ 1377 Gilman St,,,,,,City of Berkeley,,Berkeley,California,United States,2013-02-17 04:00:50 UTC,2016-12-01 06:30:39 UTC,,http://fallingfruit.org/imports/79,true,"{""Strawberry tree""}"
31978,37.872588,-122.279022,false,[1x] Strawberry Tree (Arbutus unedo),,,,,,City of Berkeley,,Berkeley,California,United States,2013-02-17 04:00:50 UTC,2016-12-02 07:54:49 UTC,,http://fallingfruit.org/imports/79,true,"{""Strawberry tree""}"
31979,37.876436,-122.277954,false,[1x] Strawberry Tree (Arbutus unedo) @ 1701 Lincoln St,,,,,,City of Berkeley,,Berkeley,California,United States,2013-02-17 04:00:50 UTC,2016-12-09 04:26:24 UTC,,http://fallingfruit.org/imports/79,true,"{""Strawberry tree""}"
31980,37.872525,-122.279547,false,[1x] Strawberry Tree (Arbutus unedo),,,,,,City of Berkeley,,Berkeley,California,United States,2013-02-17 04:00:50 UTC,2016-12-05 13:15:43 UTC,,http://fallingfruit.org/imports/79,true,"{""Strawberry tree""}"
31981,37.872738,-122.289922,false,[1x] Strawberry Tree (Arbutus unedo) @ 1730 Curtis St,,,,,,City of Berkeley,,Berkeley,California,United States,2013-02-17 04:00:50 UTC,2016-12-05 07:36:55 UTC,,http://fallingfruit.org/imports/79,true,"{""Strawberry tree""}"
31982,37.87322,-122.294364,false,[1x] Strawberry Tree (Arbutus unedo) @ 1701 10th St,,,,,,City of Berkeley,,Berkeley,California,United States,2013-02-17 04:00:50 UTC,2016-12-03 06:02:09 UTC,,http://fallingfruit.org/imports/79,true,"{""Strawberry tree""}"
31983,37.87817,-122.303289,false,[1x] Strawberry Tree (Arbutus unedo) @ 1322 4th St,,,,,,City of Berkeley,,Berkeley,California,United States,2013-02-17 04:00:50 UTC,2016-12-02 16:06:04 UTC,,http://fallingfruit.org/imports/79,true,"{""Strawberry tree""}"
31984,37.878131,-122.303279,false,[1x] Strawberry Tree (Arbutus unedo) @ 1322 4th St,,,,,,City of Berkeley,,Berkeley,California,United States,2013-02-17 04:00:50 UTC,2016-12-02 00:38:00 UTC,,http://fallingfruit.org/imports/79,true,"{""Strawberry tree""}"
31985,37.878192,-122.303301,false,[1x] Strawberry Tree (Arbutus unedo) @ 1322 4th St,,,,,,City of Berkeley,,Berkeley,California,United States,2013-02-17 04:00:50 UTC,2016-12-02 10:44:52 UTC,,http://fallingfruit.org/imports/79,true,"{""Strawberry tree""}"
31986,37.886765,-122.25849,false,[1x] Strawberry Tree (Arbutus unedo) @ 2740 Shasta Rd,,,,,,City of Berkeley,,Berkeley,California,United States,2013-02-17 04:00:50 UTC,2016-12-01 11:13:20 UTC,,http://fallingfruit.org/imports/79,true,"{""Strawberry tree""}"
31987,37.888069,-122.255078,false,[1x] Strawberry Tree (Arbutus unedo) @ 2846 Shasta Rd,,,,,,City of Berkeley,,Berkeley,California,United States,2013-02-17 04:00:50 UTC,2016-12-03 13:04:44 UTC,,http://fallingfruit.org/imports/79,true,"{""Strawberry tree""}"
31988,37.865684,-122.283871,false,[1x] Strawberry Tree (Arbutus unedo) @ Bowling Green Park,,,,,,City of Berkeley,,Berkeley,California,United States,2013-02-17 04:00:50 UTC,2016-12-08 11:37:23 UTC,,http://fallingfruit.org/imports/79,true,"{""Strawberry tree""}"
31989,37.884791,-122.256549,false,[1x] Strawberry Tree (Arbutus unedo) @ Glendale-laloma Pk,,,,,,City of Berkeley,,Berkeley,California,United States,2013-02-17 04:00:50 UTC,2016-12-08 22:19:49 UTC,,http://fallingfruit.org/imports/79,true,"{""Strawberry tree""}"
31990,37.88549,-122.255848,false,[1x] Strawberry Tree (Arbutus unedo) @ Glendale-laloma Pk,,,,,,City of Berkeley,,Berkeley,California,United States,2013-02-17 04:00:50 UTC,2016-12-09 02:18:05 UTC,,http://fallingfruit.org/imports/79,true,"{""Strawberry tree""}"
31991,37.885003,-122.263495,false,[1x] Strawberry Tree (Arbutus unedo) @ Berkeley Rose Grdn,,,,,,City of Berkeley,,Berkeley,California,United States,2013-02-17 04:00:50 UTC,2016-12-07 07:16:23 UTC,,http://fallingfruit.org/imports/79,true,"{""Strawberry tree""}"
31992,37.892364,-122.263447,false,[1x] Strawberry Tree (Arbutus unedo) @ Cragmont Rock Park,,,,,,City of Berkeley,,Berkeley,California,United States,2013-02-17 04:00:50 UTC,2016-12-02 23:59:19 UTC,,http://fallingfruit.org/imports/79,true,"{""Strawberry tree""}"
31993,37.860569,-122.256881,false,[1x] Strawberry Tree (Arbutus unedo) @ Willard Park,,,,,,City of Berkeley,,Berkeley,California,United States,2013-02-17 04:00:50 UTC,2016-12-06 07:11:06 UTC,,http://fallingfruit.org/imports/79,true,"{""Strawberry tree""}"
31994,37.860587,-122.256814,false,[1x] Strawberry Tree (Arbutus unedo) @ Willard Park,,,,,,City of Berkeley,,Berkeley,California,United States,2013-02-17 04:00:50 UTC,2016-12-02 20:12:28 UTC,,http://fallingfruit.org/imports/79,true,"{""Strawberry tree""}"
31995,37.873193,-122.275308,false,[1x] Strawberry Tree (Arbutus unedo) @ Ohlone Park,,,,,,City of Berkeley,,Berkeley,California,United States,2013-02-17 04:00:50 UTC,2016-12-03 17:34:54 UTC,,http://fallingfruit.org/imports/79,true,"{""Strawberry tree""}"
31996,37.872871,-122.278882,false,[1x] Strawberry Tree (Arbutus unedo) @ Ohlone Park,,,,,,City of Berkeley,,Berkeley,California,United States,2013-02-17 04:00:50 UTC,2016-12-05 16:34:12 UTC,,http://fallingfruit.org/imports/79,true,"{""Strawberry tree""}"
31997,37.873071,-122.27834,false,[1x] Strawberry Tree (Arbutus unedo) @ Ohlone Park,,,,,,City of Berkeley,,Berkeley,California,United States,2013-02-17 04:00:50 UTC,2016-12-07 13:58:33 UTC,,http://fallingfruit.org/imports/79,true,"{""Strawberry tree""}"
31998,37.873068,-122.278248,false,[1x] Strawberry Tree (Arbutus unedo) @ Ohlone Park,,,,,,City of Berkeley,,Berkeley,California,United States,2013-02-17 04:00:50 UTC,2016-12-02 08:01:22 UTC,,http://fallingfruit.org/imports/79,true,"{""Strawberry tree""}"
31999,37.85604,-122.234835,false,[1x] Strawberry Tree (Arbutus unedo) @ 84 Vicente Rd,,,,,,City of Berkeley,,Berkeley,California,United States,2013-02-17 04:00:50 UTC,2016-12-08 13:44:35 UTC,,http://fallingfruit.org/imports/79,true,"{""Strawberry tree""}"
32000,37.856063,-122.23482,false,[1x] Strawberry Tree (Arbutus unedo) @ 84 Vicente Rd,,,,,,City of Berkeley,,Berkeley,California,United States,2013-02-17 04:00:50 UTC,2016-12-02 21:44:55 UTC,,http://fallingfruit.org/imports/79,true,"{""Strawberry tree""}"
32001,37.852622,-122.264086,false,[1x] Strawberry Tree (Arbutus unedo) @ 2146 Woolsey St,,,,,,City of Berkeley,,Berkeley,California,United States,2013-02-17 04:00:50 UTC,2016-12-03 16:52:09 UTC,,http://fallingfruit.org/imports/79,true,"{""Strawberry tree""}"
32002,37.872531,-122.279628,false,[1x] Strawberry Tree (Arbutus unedo),,,,,,City of Berkeley,,Berkeley,California,United States,2013-02-17 04:00:50 UTC,2016-12-04 04:31:15 UTC,,http://fallingfruit.org/imports/79,true,"{""Strawberry tree""}"
32003,37.892814,-122.268096,false,[1x] Guadalupe Palm (Brahea edulis) @ 915 Santa Barbara Rd,,,,,,City of Berkeley,,Berkeley,California,United States,2013-02-17 04:00:50 UTC,2016-12-03 06:02:10 UTC,,http://fallingfruit.org/imports/79,true,"{""Guadalupe palm""}"
32004,37.856986,-122.25415,false,[1x] Guadalupe Palm (Brahea edulis) @ 2933 Benvenue Ave,,,,,,City of Berkeley,,Berkeley,California,United States,2013-02-17 04:00:50 UTC,2016-12-09 00:30:29 UTC,,http://fallingfruit.org/imports/79,true,"{""Guadalupe palm""}"
32005,37.858085,-122.254463,false,[1x] Guadalupe Palm (Brahea edulis) @ 2900 Benvenue Ave,,,,,,City of Berkeley,,Berkeley,California,United States,2013-02-17 04:00:50 UTC,2016-12-02 20:12:29 UTC,,http://fallingfruit.org/imports/79,true,"{""Guadalupe palm""}"
32006,37.857005,-122.254028,false,[1x] Guadalupe Palm (Brahea edulis) @ 2933 Benvenue Ave,,,,,,City of Berkeley,,Berkeley,California,United States,2013-02-17 04:00:50 UTC,2016-12-03 02:33:02 UTC,,http://fallingfruit.org/imports/79,true,"{""Guadalupe palm""}"
32007,37.857163,-122.254223,false,[1x] Guadalupe Palm (Brahea edulis) @ 2933 Benvenue Ave,,,,,,City of Berkeley,,Berkeley,California,United States,2013-02-17 04:00:50 UTC,2016-12-08 14:06:40 UTC,,http://fallingfruit.org/imports/79,true,"{""Guadalupe palm""}"
32008,37.890018,-122.276441,false,[1x] Guadalupe Palm (Brahea edulis) @ 949 The Alameda,,,,,,City of Berkeley,,Berkeley,California,United States,2013-02-17 04:00:50 UTC,2016-12-03 20:43:51 UTC,,http://fallingfruit.org/imports/79,true,"{""Guadalupe palm""}"
32009,37.876648,-122.276183,false,[1x] Guadalupe Palm (Brahea edulis) @ 1743 Lincoln St,,,,,,City of Berkeley,,Berkeley,California,United States,2013-02-17 04:00:50 UTC,2016-12-08 17:42:25 UTC,,http://fallingfruit.org/imports/79,true,"{""Guadalupe palm""}"
32010,37.876585,-122.27475,false,[1x] Guadalupe Palm (Brahea edulis) @ 1628 Josephine St,,,,,,City of Berkeley,,Berkeley,California,United States,2013-02-17 04:00:50 UTC,2016-12-02 16:06:05 UTC,,http://fallingfruit.org/imports/79,true,"{""Guadalupe palm""}"
32011,37.873189,-122.288827,false,[1x] Guadalupe Palm (Brahea edulis) @ 1225 Francisco St,,,,,,City of Berkeley,,Berkeley,California,United States,2013-02-17 04:00:50 UTC,2016-12-07 08:19:06 UTC,,http://fallingfruit.org/imports/79,true,"{""Guadalupe palm""}"
32012,37.857076,-122.254216,false,[1x] Guadalupe Palm (Brahea edulis) @ 2933 Benvenue Ave,,,,,,City of Berkeley,,Berkeley,California,United States,2013-02-17 04:00:50 UTC,2016-12-08 10:56:01 UTC,,http://fallingfruit.org/imports/79,true,"{""Guadalupe palm""}"
32013,37.885915,-122.263836,false,[1x] Paper Mulberry (Broussonetia papyrifera) @ Berkeley Rose Grdn,,,,,,City of Berkeley,,Berkeley,California,United States,2013-02-17 04:00:50 UTC,2016-12-03 04:15:01 UTC,,http://fallingfruit.org/imports/79,true,"{""Paper mulberry""}"
32014,37.884005,-122.250098,false,[1x] Paper Mulberry (Broussonetia papyrifera) @ Terrace View Park,,,,,,City of Berkeley,,Berkeley,California,United States,2013-02-17 04:00:50 UTC,2016-12-03 05:19:21 UTC,,http://fallingfruit.org/imports/79,true,"{""Paper mulberry""}"
32015,37.884048,-122.250107,false,[1x] Paper Mulberry (Broussonetia papyrifera) @ Terrace View Park,,,,,,City of Berkeley,,Berkeley,California,United States,2013-02-17 04:00:51 UTC,2016-12-02 09:45:39 UTC,,http://fallingfruit.org/imports/79,true,"{""Paper mulberry""}"
32016,37.88409,-122.250284,false,[1x] Paper Mulberry (Broussonetia papyrifera) @ Terrace View Park,,,,,,City of Berkeley,,Berkeley,California,United States,2013-02-17 04:00:51 UTC,2016-12-08 20:10:35 UTC,,http://fallingfruit.org/imports/79,true,"{""Paper mulberry""}"
32017,37.884017,-122.250291,false,[1x] Paper Mulberry (Broussonetia papyrifera) @ Terrace View Park,,,,,,City of Berkeley,,Berkeley,California,United States,2013-02-17 04:00:51 UTC,2016-12-02 05:05:40 UTC,,http://fallingfruit.org/imports/79,true,"{""Paper mulberry""}"
32018,37.883927,-122.250318,false,[1x] Paper Mulberry (Broussonetia papyrifera) @ Terrace View Park,,,,,,City of Berkeley,,Berkeley,California,United States,2013-02-17 04:00:51 UTC,2016-12-08 17:42:26 UTC,,http://fallingfruit.org/imports/79,true,"{""Paper mulberry""}"
32019,37.884068,-122.250306,false,[1x] Paper Mulberry (Broussonetia papyrifera) @ Terrace View Park,,,,,,City of Berkeley,,Berkeley,California,United States,2013-02-17 04:00:51 UTC,2016-12-08 09:51:49 UTC,,http://fallingfruit.org/imports/79,true,"{""Paper mulberry""}"
32020,37.862495,-122.264205,false,[1x] Paper Mulberry (Broussonetia papyrifera) @ 2210 Parker St,,,,,,City of Berkeley,,Berkeley,California,United States,2013-02-17 04:00:51 UTC,2016-12-07 13:15:21 UTC,,http://fallingfruit.org/imports/79,true,"{""Paper mulberry""}"
32021,37.866227,-122.272621,false,[1x] Paper Mulberry (Broussonetia papyrifera) @ Washington Schl Pk,,,,,,City of Berkeley,,Berkeley,California,United States,2013-02-17 04:00:51 UTC,2016-12-01 15:52:58 UTC,,http://fallingfruit.org/imports/79,true,"{""Paper mulberry""}"
32022,37.873535,-122.274443,false,[1x] Paper Mulberry (Broussonetia papyrifera) @ Ohlone Park,,,,,,City of Berkeley,,Berkeley,California,United States,2013-02-17 04:00:51 UTC,2016-12-07 19:34:05 UTC,,http://fallingfruit.org/imports/79,true,"{""Paper mulberry""}"
32023,37.872817,-122.277891,false,[1x] Paper Mulberry (Broussonetia papyrifera) @ Ohlone Park,,,,,,City of Berkeley,,Berkeley,California,United States,2013-02-17 04:00:51 UTC,2016-12-07 08:39:51 UTC,,http://fallingfruit.org/imports/79,true,"{""Paper mulberry""}"
32024,37.866173,-122.272636,false,[1x] Paper Mulberry (Broussonetia papyrifera) @ Washington Schl Pk,,,,,,City of Berkeley,,Berkeley,California,United States,2013-02-17 04:00:51 UTC,2016-12-02 14:39:00 UTC,,http://fallingfruit.org/imports/79,true,"{""Paper mulberry""}"
32025,37.866175,-122.272561,false,[1x] Paper Mulberry (Broussonetia papyrifera) @ Washington Schl Pk,,,,,,City of Berkeley,,Berkeley,California,United States,2013-02-17 04:00:51 UTC,2016-12-03 09:17:15 UTC,,http://fallingfruit.org/imports/79,true,"{""Paper mulberry""}"
32026,37.873159,-122.276475,false,[1x] Paper Mulberry (Broussonetia papyrifera) @ Ohlone Park,,,,,,City of Berkeley,,Berkeley,California,United States,2013-02-17 04:00:51 UTC,2016-12-06 18:28:36 UTC,,http://fallingfruit.org/imports/79,true,"{""Paper mulberry""}"
